Workbook

Sheet 相関係数
B1: 終値 | C1: 終値
A2: 45495 | B2: 200 | C2: 100
A3: 45492 | B3: 196 | C3: 145 | D3: 3か月相関係数
A4: 45491 | B4: 200 | C4: 125
A5: 45490 | B5: 204 | C5: 129 | D5: =CORREL(B2:B65,C2:C65) -> -0.094811181
A6: 45489 | B6: 203 | C6: 102
A7: 45485 | B7: 205 | C7: 93
A8: 45484 | B8: 203 | C8: 95 | D8: ２年相関係数
A9: 45483 | B9: 203 | C9: 88
A10: 45482 | B10: 209 | C10: 87 | D10: {=CORREL(B2:B609,C2:C609)} -> 0.66249549
A11: 45481 | B11: 211 | C11: 80
A12: 45478 | B12: 212 | C12: 80
A13: 45477 | B13: 209 | C13: 80
A14: 45476 | B14: 213 | C14: 85
A15: 45475 | B15: 206 | C15: 90
A16: 45474 | B16: 206 | C16: 100
A17: 45471 | B17: 217 | C17: 99
A18: 45470 | B18: 220 | C18: 103
A19: 45469 | B19: 224 | C19: 100
A20: 45468 | B20: 230 | C20: 95
A21: 45467 | B21: 231 | C21: 95
A22: 45464 | B22: 226 | C22: 87
... A494: 44762 | B494: 183 | C494: 53

Sheet 長期
A1: 日付 | B1: =F1 -> 終値 | C1: =G1 -> 終値 | D1: サヤ | F1: ='相関係数'!B1 -> 終値 | G1: ='相関係数'!C1 -> 終値 | H1: 倍率 | I1: 1 | J1: 1 | T1: 日付 | U1: サヤ | V1: =F1 -> 終値 | W1: =G1 -> 終値
A2: =E2 -> 45495 | B2: =F2*$I$1 -> 200 | C2: =G2*$J$1 -> 100 | D2: =B2-C2 -> 100 | E2: ='相関係数'!A2 -> 45495 | F2: ='相関係数'!B2 -> 200 | G2: ='相関係数'!C2 -> 100 | J2: 3 | Q2: 長期相関係数 | R2: =IF(ISERROR(CORREL(W2:W1274,V2:V1274)),"",CORREL(W2:W1274,V2:V1274)) -> 0.66249549 | T2: =A494 -> 44762 | U2: =D494 -> 130 | V2: =B494 -> 183 | W2: =C494 -> 53
A3: =E3 -> 45492 | B3: =F3*$I$1 -> 196 | C3: =G3*$J$1 -> 145 | D3: =B3-C3 -> 51 | E3: ='相関係数'!A3 -> 45492 | F3: ='相関係数'!B3 -> 196 | G3: ='相関係数'!C3 -> 145 | Q3: サヤ平均 | R3: =IF(ISERROR(AVERAGE(U2:U1274)),"",AVERAGE(U2:U1274)) -> 127.01623 | T3: =A493 -> 44763 | U3: =D493 -> 146 | V3: =B493 -> 200 | W3: =C493 -> 54
A4: =E4 -> 45491 | B4: =F4*$I$1 -> 200 | C4: =G4*$J$1 -> 125 | D4: =B4-C4 -> 75 | E4: ='相関係数'!A4 -> 45491 | F4: ='相関係数'!B4 -> 200 | G4: ='相関係数'!C4 -> 125 | Q4: 標準偏差(σ) | R4: =IF(ISERROR(STDEV(U2:U1274)),"",STDEV(U2:U1274)) -> 23.71142 | T4: =A492 -> 44764 | U4: =D492 -> 143 | V4: =B492 -> 197 | W4: =C492 -> 54
A5: =E5 -> 45490 | B5: =F5*$I$1 -> 204 | C5: =G5*$J$1 -> 129 | D5: =B5-C5 -> 75 | E5: ='相関係数'!A5 -> 45490 | F5: ='相関係数'!B5 -> 204 | G5: ='相関係数'!C5 -> 129 | Q5: ＋2σ | R5: =IF(ISERROR(R3+R4*2),"",R3+R4*2) -> 174.43907 | T5: =A491 -> 44767 | U5: =D491 -> 138 | V5: =B491 -> 191 | W5: =C491 -> 53
A6: =E6 -> 45489 | B6: =F6*$I$1 -> 203 | C6: =G6*$J$1 -> 102 | D6: =B6-C6 -> 101 | E6: ='相関係数'!A6 -> 45489 | F6: ='相関係数'!B6 -> 203 | G6: ='相関係数'!C6 -> 102 | Q6: ＋1σ | R6: =IF(ISERROR(R3+R4),"",R3+R4) -> 150.72765 | T6: =A490 -> 44768 | U6: =D490 -> 141 | V6: =B490 -> 195 | W6: =C490 -> 54
A7: =E7 -> 45485 | B7: =F7*$I$1 -> 205 | C7: =G7*$J$1 -> 93 | D7: =B7-C7 -> 112 | E7: ='相関係数'!A7 -> 45485 | F7: ='相関係数'!B7 -> 205 | G7: ='相関係数'!C7 -> 93 | Q7: −1σ | R7: =IF(ISERROR(R3-R4),"",R3-R4) -> 103.30481 | T7: =A489 -> 44769 | U7: =D489 -> 138 | V7: =B489 -> 192 | W7: =C489 -> 54
A8: =E8 -> 45484 | B8: =F8*$I$1 -> 203 | C8: =G8*$J$1 -> 95 | D8: =B8-C8 -> 108 | E8: ='相関係数'!A8 -> 45484 | F8: ='相関係数'!B8 -> 203 | G8: ='相関係数'!C8 -> 95 | Q8: −2σ | R8: =IF(ISERROR(R3-R4*2),"",R3-R4*2) -> 79.593387 | T8: =A488 -> 44770 | U8: =D488 -> 137 | V8: =B488 -> 191 | W8: =C488 -> 54
A9: =E9 -> 45483 | B9: =F9*$I$1 -> 203 | C9: =G9*$J$1 -> 88 | D9: =B9-C9 -> 115 | E9: ='相関係数'!A9 -> 45483 | F9: ='相関係数'!B9 -> 203 | G9: ='相関係数'!C9 -> 88 | T9: =A487 -> 44771 | U9: =D487 -> 140 | V9: =B487 -> 193 | W9: =C487 -> 53
A10: =E10 -> 45482 | B10: =F10*$I$1 -> 209 | C10: =G10*$J$1 -> 87 | D10: =B10-C10 -> 122 | E10: ='相関係数'!A10 -> 45482 | F10: ='相関係数'!B10 -> 209 | G10: ='相関係数'!C10 -> 87 | T10: =A486 -> 44774 | U10: =D486 -> 143 | V10: =B486 -> 196 | W10: =C486 -> 53
A11: =E11 -> 45481 | B11: =F11*$I$1 -> 211 | C11: =G11*$J$1 -> 80 | D11: =B11-C11 -> 131 | E11: ='相関係数'!A11 -> 45481 | F11: ='相関係数'!B11 -> 211 | G11: ='相関係数'!C11 -> 80 | T11: =A485 -> 44775 | U11: =D485 -> 143 | V11: =B485 -> 196 | W11: =C485 -> 53
A12: =E12 -> 45478 | B12: =F12*$I$1 -> 212 | C12: =G12*$J$1 -> 80 | D12: =B12-C12 -> 132 | E12: ='相関係数'!A12 -> 45478 | F12: ='相関係数'!B12 -> 212 | G12: ='相関係数'!C12 -> 80 | T12: =A484 -> 44776 | U12: =D484 -> 143 | V12: =B484 -> 196 | W12: =C484 -> 53
A13: =E13 -> 45477 | B13: =F13*$I$1 -> 209 | C13: =G13*$J$1 -> 80 | D13: =B13-C13 -> 129 | E13: ='相関係数'!A13 -> 45477 | F13: ='相関係数'!B13 -> 209 | G13: ='相関係数'!C13 -> 80 | T13: =A483 -> 44777 | U13: =D483 -> 145 | V13: =B483 -> 198 | W13: =C483 -> 53
A14: =E14 -> 45476 | B14: =F14*$I$1 -> 213 | C14: =G14*$J$1 -> 85 | D14: =B14-C14 -> 128 | E14: ='相関係数'!A14 -> 45476 | F14: ='相関係数'!B14 -> 213 | G14: ='相関係数'!C14 -> 85 | T14: =A482 -> 44778 | U14: =D482 -> 144 | V14: =B482 -> 196 | W14: =C482 -> 52
A15: =E15 -> 45475 | B15: =F15*$I$1 -> 206 | C15: =G15*$J$1 -> 90 | D15: =B15-C15 -> 116 | E15: ='相関係数'!A15 -> 45475 | F15: ='相関係数'!B15 -> 206 | G15: ='相関係数'!C15 -> 90 | T15: =A481 -> 44781 | U15: =D481 -> 131 | V15: =B481 -> 181 | W15: =C481 -> 50
A16: =E16 -> 45474 | B16: =F16*$I$1 -> 206 | C16: =G16*$J$1 -> 100 | D16: =B16-C16 -> 106 | E16: ='相関係数'!A16 -> 45474 | F16: ='相関係数'!B16 -> 206 | G16: ='相関係数'!C16 -> 100 | T16: =A480 -> 44782 | U16: =D480 -> 129 | V16: =B480 -> 181 | W16: =C480 -> 52
A17: =E17 -> 45471 | B17: =F17*$I$1 -> 217 | C17: =G17*$J$1 -> 99 | D17: =B17-C17 -> 118 | E17: ='相関係数'!A17 -> 45471 | F17: ='相関係数'!B17 -> 217 | G17: ='相関係数'!C17 -> 99 | T17: =A479 -> 44783 | U17: =D479 -> 128 | V17: =B479 -> 179 | W17: =C479 -> 51
A18: =E18 -> 45470 | B18: =F18*$I$1 -> 220 | C18: =G18*$J$1 -> 103 | D18: =B18-C18 -> 117 | E18: ='相関係数'!A18 -> 45470 | F18: ='相関係数'!B18 -> 220 | G18: ='相関係数'!C18 -> 103 | T18: =A478 -> 44785 | U18: =D478 -> 128 | V18: =B478 -> 180 | W18: =C478 -> 52
A19: =E19 -> 45469 | B19: =F19*$I$1 -> 224 | C19: =G19*$J$1 -> 100 | D19: =B19-C19 -> 124 | E19: ='相関係数'!A19 -> 45469 | F19: ='相関係数'!B19 -> 224 | G19: ='相関係数'!C19 -> 100 | T19: =A477 -> 44788 | U19: =D477 -> 130 | V19: =B477 -> 181 | W19: =C477 -> 51
A20: =E20 -> 45468 | B20: =F20*$I$1 -> 230 | C20: =G20*$J$1 -> 95 | D20: =B20-C20 -> 135 | E20: ='相関係数'!A20 -> 45468 | F20: ='相関係数'!B20 -> 230 | G20: ='相関係数'!C20 -> 95 | T20: =A476 -> 44789 | U20: =D476 -> 131 | V20: =B476 -> 183 | W20: =C476 -> 52
A21: =E21 -> 45467 | B21: =F21*$I$1 -> 231 | C21: =G21*$J$1 -> 95 | D21: =B21-C21 -> 136 | E21: ='相関係数'!A21 -> 45467 | F21: ='相関係数'!B21 -> 231 | G21: ='相関係数'!C21 -> 95 | T21: =A475 -> 44790 | U21: =D475 -> 132 | V21: =B475 -> 183 | W21: =C475 -> 51
A22: =E22 -> 45464 | B22: =F22*$I$1 -> 226 | C22: =G22*$J$1 -> 87 | D22: =B22-C22 -> 139 | E22: ='相関係数'!A22 -> 45464 | F22: ='相関係数'!B22 -> 226 | G22: ='相関係数'!C22 -> 87 | T22: =A474 -> 44791 | U22: =D474 -> 128 | V22: =B474 -> 184 | W22: =C474 -> 56
A23: =E23 -> 45463 | B23: =F23*$I$1 -> 220 | C23: =G23*$J$1 -> 81 | D23: =B23-C23 -> 139 | E23: ='相関係数'!A23 -> 45463 | F23: ='相関係数'!B23 -> 220 | G23: ='相関係数'!C23 -> 81 | T23: =A473 -> 44792 | U23: =D473 -> 130 | V23: =B473 -> 185 | W23: =C473 -> 55
A24: =E24 -> 45462 | B24: =F24*$I$1 -> 222 | C24: =G24*$J$1 -> 83 | D24: =B24-C24 -> 139 | E24: ='相関係数'!A24 -> 45462 | F24: ='相関係数'!B24 -> 222 | G24: ='相関係数'!C24 -> 83 | T24: =A472 -> 44795 | U24: =D472 -> 135 | V24: =B472 -> 182 | W24: =C472 -> 47
A25: =E25 -> 45461 | B25: =F25*$I$1 -> 219 | C25: =G25*$J$1 -> 84 | D25: =B25-C25 -> 135 | E25: ='相関係数'!A25 -> 45461 | F25: ='相関係数'!B25 -> 219 | G25: ='相関係数'!C25 -> 84 | T25: =A471 -> 44796 | U25: =D471 -> 138 | V25: =B471 -> 183 | W25: =C471 -> 45
A26: =E26 -> 45460 | B26: =F26*$I$1 -> 218 | C26: =G26*$J$1 -> 89 | D26: =B26-C26 -> 129 | E26: ='相関係数'!A26 -> 45460 | F26: ='相関係数'!B26 -> 218 | G26: ='相関係数'!C26 -> 89 | T26: =A470 -> 44797 | U26: =D470 -> 138 | V26: =B470 -> 181 | W26: =C470 -> 43
A27: =E27 -> 45457 | B27: =F27*$I$1 -> 221 | C27: =G27*$J$1 -> 90 | D27: =B27-C27 -> 131 | E27: ='相関係数'!A27 -> 45457 | F27: ='相関係数'!B27 -> 221 | G27: ='相関係数'!C27 -> 90 | T27: =A469 -> 44798 | U27: =D469 -> 140 | V27: =B469 -> 182 | W27: =C469 -> 42
A28: =E28 -> 45456 | B28: =F28*$I$1 -> 230 | C28: =G28*$J$1 -> 95 | D28: =B28-C28 -> 135 | E28: ='相関係数'!A28 -> 45456 | F28: ='相関係数'!B28 -> 230 | G28: ='相関係数'!C28 -> 95 | T28: =A468 -> 44799 | U28: =D468 -> 140 | V28: =B468 -> 182 | W28: =C468 -> 42
A29: =E29 -> 45455 | B29: =F29*$I$1 -> 219 | C29: =G29*$J$1 -> 107 | D29: =B29-C29 -> 112 | E29: ='相関係数'!A29 -> 45455 | F29: ='相関係数'!B29 -> 219 | G29: ='相関係数'!C29 -> 107 | T29: =A467 -> 44802 | U29: =D467 -> 141 | V29: =B467 -> 183 | W29: =C467 -> 42
A30: =E30 -> 45454 | B30: =F30*$I$1 -> 216 | C30: =G30*$J$1 -> 89 | D30: =B30-C30 -> 127 | E30: ='相関係数'!A30 -> 45454 | F30: ='相関係数'!B30 -> 216 | G30: ='相関係数'!C30 -> 89 | T30: =A466 -> 44803 | U30: =D466 -> 139 | V30: =B466 -> 181 | W30: =C466 -> 42
A31: =E31 -> 45453 | B31: =F31*$I$1 -> 216 | C31: =G31*$J$1 -> 81 | D31: =B31-C31 -> 135 | E31: ='相関係数'!A31 -> 45453 | F31: ='相関係数'!B31 -> 216 | G31: ='相関係数'!C31 -> 81 | T31: =A465 -> 44804 | U31: =D465 -> 142 | V31: =B465 -> 185 | W31: =C465 -> 43
A32: =E32 -> 45450 | B32: =F32*$I$1 -> 226 | C32: =G32*$J$1 -> 85 | D32: =B32-C32 -> 141 | E32: ='相関係数'!A32 -> 45450 | F32: ='相関係数'!B32 -> 226 | G32: ='相関係数'!C32 -> 85 | T32: =A464 -> 44805 | U32: =D464 -> 139 | V32: =B464 -> 181 | W32: =C464 -> 42
A33: =E33 -> 45449 | B33: =F33*$I$1 -> 219 | C33: =G33*$J$1 -> 78 | D33: =B33-C33 -> 141 | E33: ='相関係数'!A33 -> 45449 | F33: ='相関係数'!B33 -> 219 | G33: ='相関係数'!C33 -> 78 | T33: =A463 -> 44806 | U33: =D463 -> 135 | V33: =B463 -> 179 | W33: =C463 -> 44
A34: =E34 -> 45448 | B34: =F34*$I$1 -> 225 | C34: =G34*$J$1 -> 84 | D34: =B34-C34 -> 141 | E34: ='相関係数'!A34 -> 45448 | F34: ='相関係数'!B34 -> 225 | G34: ='相関係数'!C34 -> 84 | T34: =A462 -> 44809 | U34: =D462 -> 136 | V34: =B462 -> 180 | W34: =C462 -> 44
A35: =E35 -> 45447 | B35: =F35*$I$1 -> 235 | C35: =G35*$J$1 -> 66 | D35: =B35-C35 -> 169 | E35: ='相関係数'!A35 -> 45447 | F35: ='相関係数'!B35 -> 235 | G35: ='相関係数'!C35 -> 66 | T35: =A461 -> 44810 | U35: =D461 -> 136 | V35: =B461 -> 180 | W35: =C461 -> 44
A36: =E36 -> 45446 | B36: =F36*$I$1 -> 234 | C36: =G36*$J$1 -> 62 | D36: =B36-C36 -> 172 | E36: ='相関係数'!A36 -> 45446 | F36: ='相関係数'!B36 -> 234 | G36: ='相関係数'!C36 -> 62 | T36: =A460 -> 44811 | U36: =D460 -> 135 | V36: =B460 -> 179 | W36: =C460 -> 44
A37: =E37 -> 45443 | B37: =F37*$I$1 -> 237 | C37: =G37*$J$1 -> 52 | D37: =B37-C37 -> 185 | E37: ='相関係数'!A37 -> 45443 | F37: ='相関係数'!B37 -> 237 | G37: ='相関係数'!C37 -> 52 | T37: =A459 -> 44812 | U37: =D459 -> 136 | V37: =B459 -> 179 | W37: =C459 -> 43
A38: =E38 -> 45442 | B38: =F38*$I$1 -> 229 | C38: =G38*$J$1 -> 55 | D38: =B38-C38 -> 174 | E38: ='相関係数'!A38 -> 45442 | F38: ='相関係数'!B38 -> 229 | G38: ='相関係数'!C38 -> 55 | T38: =A458 -> 44813 | U38: =D458 -> 126 | V38: =B458 -> 180 | W38: =C458 -> 54
A39: =E39 -> 45441 | B39: =F39*$I$1 -> 240 | C39: =G39*$J$1 -> 56 | D39: =B39-C39 -> 184 | E39: ='相関係数'!A39 -> 45441 | F39: ='相関係数'!B39 -> 240 | G39: ='相関係数'!C39 -> 56 | T39: =A457 -> 44816 | U39: =D457 -> 130 | V39: =B457 -> 182 | W39: =C457 -> 52
A40: =E40 -> 45440 | B40: =F40*$I$1 -> 262 | C40: =G40*$J$1 -> 62 | D40: =B40-C40 -> 200 | E40: ='相関係数'!A40 -> 45440 | F40: ='相関係数'!B40 -> 262 | G40: ='相関係数'!C40 -> 62 | T40: =A456 -> 44817 | U40: =D456 -> 130 | V40: =B456 -> 181 | W40: =C456 -> 51
A41: =E41 -> 45439 | B41: =F41*$I$1 -> 265 | C41: =G41*$J$1 -> 67 | D41: =B41-C41 -> 198 | E41: ='相関係数'!A41 -> 45439 | F41: ='相関係数'!B41 -> 265 | G41: ='相関係数'!C41 -> 67 | T41: =A455 -> 44818 | U41: =D455 -> 127 | V41: =B455 -> 181 | W41: =C455 -> 54
A42: =E42 -> 45436 | B42: =F42*$I$1 -> 259 | C42: =G42*$J$1 -> 57 | D42: =B42-C42 -> 202 | E42: ='相関係数'!A42 -> 45436 | F42: ='相関係数'!B42 -> 259 | G42: ='相関係数'!C42 -> 57 | T42: =A454 -> 44819 | U42: =D454 -> 115 | V42: =B454 -> 180 | W42: =C454 -> 65
A43: =E43 -> 45435 | B43: =F43*$I$1 -> 281 | C43: =G43*$J$1 -> 76 | D43: =B43-C43 -> 205 | E43: ='相関係数'!A43 -> 45435 | F43: ='相関係数'!B43 -> 281 | G43: ='相関係数'!C43 -> 76 | T43: =A453 -> 44820 | U43: =D453 -> 117 | V43: =B453 -> 176 | W43: =C453 -> 59
A44: =E44 -> 45434 | B44: =F44*$I$1 -> 290 | C44: =G44*$J$1 -> 90 | D44: =B44-C44 -> 200 | E44: ='相関係数'!A44 -> 45434 | F44: ='相関係数'!B44 -> 290 | G44: ='相関係数'!C44 -> 90 | T44: =A452 -> 44824 | U44: =D452 -> 119 | V44: =B452 -> 175 | W44: =C452 -> 56
A45: =E45 -> 45433 | B45: =F45*$I$1 -> 291 | C45: =G45*$J$1 -> 60 | D45: =B45-C45 -> 231 | E45: ='相関係数'!A45 -> 45433 | F45: ='相関係数'!B45 -> 291 | G45: ='相関係数'!C45 -> 60 | T45: =A451 -> 44825 | U45: =D451 -> 114 | V45: =B451 -> 172 | W45: =C451 -> 58
A46: =E46 -> 45432 | B46: =F46*$I$1 -> 274 | C46: =G46*$J$1 -> 41 | D46: =B46-C46 -> 233 | E46: ='相関係数'!A46 -> 45432 | F46: ='相関係数'!B46 -> 274 | G46: ='相関係数'!C46 -> 41 | T46: =A450 -> 44826 | U46: =D450 -> 118 | V46: =B450 -> 173 | W46: =C450 -> 55
A47: =E47 -> 45429 | B47: =F47*$I$1 -> 252 | C47: =G47*$J$1 -> 35 | D47: =B47-C47 -> 217 | E47: ='相関係数'!A47 -> 45429 | F47: ='相関係数'!B47 -> 252 | G47: ='相関係数'!C47 -> 35 | T47: =A449 -> 44830 | U47: =D449 -> 115 | V47: =B449 -> 169 | W47: =C449 -> 54
A48: =E48 -> 45428 | B48: =F48*$I$1 -> 243 | C48: =G48*$J$1 -> 35 | D48: =B48-C48 -> 208 | E48: ='相関係数'!A48 -> 45428 | F48: ='相関係数'!B48 -> 243 | G48: ='相関係数'!C48 -> 35 | T48: =A448 -> 44831 | U48: =D448 -> 115 | V48: =B448 -> 171 | W48: =C448 -> 56
A49: =E49 -> 45427 | B49: =F49*$I$1 -> 249 | C49: =G49*$J$1 -> 33 | D49: =B49-C49 -> 216 | E49: ='相関係数'!A49 -> 45427 | F49: ='相関係数'!B49 -> 249 | G49: ='相関係数'!C49 -> 33 | T49: =A447 -> 44832 | U49: =D447 -> 105 | V49: =B447 -> 163 | W49: =C447 -> 58
A50: =E50 -> 45426 | B50: =F50*$I$1 -> 257 | C50: =G50*$J$1 -> 31 | D50: =B50-C50 -> 226 | E50: ='相関係数'!A50 -> 45426 | F50: ='相関係数'!B50 -> 257 | G50: ='相関係数'!C50 -> 31 | T50: =A446 -> 44833 | U50: =D446 -> 112 | V50: =B446 -> 166 | W50: =C446 -> 54
A51: =E51 -> 45425 | B51: =F51*$I$1 -> 255 | C51: =G51*$J$1 -> 30 | D51: =B51-C51 -> 225 | E51: ='相関係数'!A51 -> 45425 | F51: ='相関係数'!B51 -> 255 | G51: ='相関係数'!C51 -> 30 | T51: =A445 -> 44834 | U51: =D445 -> 107 | V51: =B445 -> 162 | W51: =C445 -> 55
A52: =E52 -> 45422 | B52: =F52*$I$1 -> 264 | C52: =G52*$J$1 -> 30 | D52: =B52-C52 -> 234 | E52: ='相関係数'!A52 -> 45422 | F52: ='相関係数'!B52 -> 264 | G52: ='相関係数'!C52 -> 30 | T52: =A444 -> 44837 | U52: =D444 -> 106 | V52: =B444 -> 161 | W52: =C444 -> 55
A53: =E53 -> 45421 | B53: =F53*$I$1 -> 277 | C53: =G53*$J$1 -> 29 | D53: =B53-C53 -> 248 | E53: ='相関係数'!A53 -> 45421 | F53: ='相関係数'!B53 -> 277 | G53: ='相関係数'!C53 -> 29 | T53: =A443 -> 44838 | U53: =D443 -> 113 | V53: =B443 -> 166 | W53: =C443 -> 53
A54: =E54 -> 45420 | B54: =F54*$I$1 -> 276 | C54: =G54*$J$1 -> 30 | D54: =B54-C54 -> 246 | E54: ='相関係数'!A54 -> 45420 | F54: ='相関係数'!B54 -> 276 | G54: ='相関係数'!C54 -> 30 | T54: =A442 -> 44839 | U54: =D442 -> 111 | V54: =B442 -> 165 | W54: =C442 -> 54
A55: =E55 -> 45419 | B55: =F55*$I$1 -> 239 | C55: =G55*$J$1 -> 29 | D55: =B55-C55 -> 210 | E55: ='相関係数'!A55 -> 45419 | F55: ='相関係数'!B55 -> 239 | G55: ='相関係数'!C55 -> 29 | T55: =A441 -> 44840 | U55: =D441 -> 116 | V55: =B441 -> 169 | W55: =C441 -> 53
A56: =E56 -> 45414 | B56: =F56*$I$1 -> 189 | C56: =G56*$J$1 -> 28 | D56: =B56-C56 -> 161 | E56: ='相関係数'!A56 -> 45414 | F56: ='相関係数'!B56 -> 189 | G56: ='相関係数'!C56 -> 28 | T56: =A440 -> 44841 | U56: =D440 -> 116 | V56: =B440 -> 169 | W56: =C440 -> 53
A57: =E57 -> 45413 | B57: =F57*$I$1 -> 194 | C57: =G57*$J$1 -> 29 | D57: =B57-C57 -> 165 | E57: ='相関係数'!A57 -> 45413 | F57: ='相関係数'!B57 -> 194 | G57: ='相関係数'!C57 -> 29 | T57: =A439 -> 44845 | U57: =D439 -> 116 | V57: =B439 -> 168 | W57: =C439 -> 52
A58: =E58 -> 45412 | B58: =F58*$I$1 -> 206 | C58: =G58*$J$1 -> 29 | D58: =B58-C58 -> 177 | E58: ='相関係数'!A58 -> 45412 | F58: ='相関係数'!B58 -> 206 | G58: ='相関係数'!C58 -> 29 | T58: =A438 -> 44846 | U58: =D438 -> 114 | V58: =B438 -> 164 | W58: =C438 -> 50
A59: =E59 -> 45408 | B59: =F59*$I$1 -> 185 | C59: =G59*$J$1 -> 29 | D59: =B59-C59 -> 156 | E59: ='相関係数'!A59 -> 45408 | F59: ='相関係数'!B59 -> 185 | G59: ='相関係数'!C59 -> 29 | T59: =A437 -> 44847 | U59: =D437 -> 112 | V59: =B437 -> 161 | W59: =C437 -> 49
A60: =E60 -> 45407 | B60: =F60*$I$1 -> 179 | C60: =G60*$J$1 -> 28 | D60: =B60-C60 -> 151 | E60: ='相関係数'!A60 -> 45407 | F60: ='相関係数'!B60 -> 179 | G60: ='相関係数'!C60 -> 28 | T60: =A436 -> 44848 | U60: =D436 -> 115 | V60: =B436 -> 164 | W60: =C436 -> 49
A61: =E61 -> 45406 | B61: =F61*$I$1 -> 174 | C61: =G61*$J$1 -> 32 | D61: =B61-C61 -> 142 | E61: ='相関係数'!A61 -> 45406 | F61: ='相関係数'!B61 -> 174 | G61: ='相関係数'!C61 -> 32 | T61: =A435 -> 44851 | U61: =D435 -> 118 | V61: =B435 -> 167 | W61: =C435 -> 49
A62: =E62 -> 45405 | B62: =F62*$I$1 -> 168 | C62: =G62*$J$1 -> 34 | D62: =B62-C62 -> 134 | E62: ='相関係数'!A62 -> 45405 | F62: ='相関係数'!B62 -> 168 | G62: ='相関係数'!C62 -> 34 | T62: =A434 -> 44852 | U62: =D434 -> 120 | V62: =B434 -> 168 | W62: =C434 -> 48
A63: =E63 -> 45404 | B63: =F63*$I$1 -> 166 | C63: =G63*$J$1 -> 31 | D63: =B63-C63 -> 135 | E63: ='相関係数'!A63 -> 45404 | F63: ='相関係数'!B63 -> 166 | G63: ='相関係数'!C63 -> 31 | T63: =A433 -> 44853 | U63: =D433 -> 119 | V63: =B433 -> 170 | W63: =C433 -> 51
A64: =E64 -> 45401 | B64: =F64*$I$1 -> 170 | C64: =G64*$J$1 -> 30 | D64: =B64-C64 -> 140 | E64: ='相関係数'!A64 -> 45401 | F64: ='相関係数'!B64 -> 170 | G64: ='相関係数'!C64 -> 30 | T64: =A432 -> 44854 | U64: =D432 -> 118 | V64: =B432 -> 168 | W64: =C432 -> 50
A65: =E65 -> 45400 | B65: =F65*$I$1 -> 166 | C65: =G65*$J$1 -> 28 | D65: =B65-C65 -> 138 | E65: ='相関係数'!A65 -> 45400 | F65: ='相関係数'!B65 -> 166 | G65: ='相関係数'!C65 -> 28 | T65: =A431 -> 44855 | U65: =D431 -> 117 | V65: =B431 -> 167 | W65: =C431 -> 50
A66: =E66 -> 45399 | B66: =F66*$I$1 -> 168 | C66: =G66*$J$1 -> 27 | D66: =B66-C66 -> 141 | E66: ='相関係数'!A66 -> 45399 | F66: ='相関係数'!B66 -> 168 | G66: ='相関係数'!C66 -> 27 | T66: =A430 -> 44858 | U66: =D430 -> 118 | V66: =B430 -> 167 | W66: =C430 -> 49
A67: =E67 -> 45398 | B67: =F67*$I$1 -> 173 | C67: =G67*$J$1 -> 27 | D67: =B67-C67 -> 146 | E67: ='相関係数'!A67 -> 45398 | F67: ='相関係数'!B67 -> 173 | G67: ='相関係数'!C67 -> 27 | T67: =A429 -> 44859 | U67: =D429 -> 120 | V67: =B429 -> 170 | W67: =C429 -> 50
A68: =E68 -> 45397 | B68: =F68*$I$1 -> 179 | C68: =G68*$J$1 -> 30 | D68: =B68-C68 -> 149 | E68: ='相関係数'!A68 -> 45397 | F68: ='相関係数'!B68 -> 179 | G68: ='相関係数'!C68 -> 30 | T68: =A428 -> 44860 | U68: =D428 -> 124 | V68: =B428 -> 173 | W68: =C428 -> 49
A69: =E69 -> 45394 | B69: =F69*$I$1 -> 187 | C69: =G69*$J$1 -> 34 | D69: =B69-C69 -> 153 | E69: ='相関係数'!A69 -> 45394 | F69: ='相関係数'!B69 -> 187 | G69: ='相関係数'!C69 -> 34 | T69: =A427 -> 44861 | U69: =D427 -> 124 | V69: =B427 -> 173 | W69: =C427 -> 49
A70: =E70 -> 45393 | B70: =F70*$I$1 -> 184 | C70: =G70*$J$1 -> 36 | D70: =B70-C70 -> 148 | E70: ='相関係数'!A70 -> 45393 | F70: ='相関係数'!B70 -> 184 | G70: ='相関係数'!C70 -> 36 | T70: =A426 -> 44862 | U70: =D426 -> 124 | V70: =B426 -> 174 | W70: =C426 -> 50
A71: =E71 -> 45392 | B71: =F71*$I$1 -> 190 | C71: =G71*$J$1 -> 32 | D71: =B71-C71 -> 158 | E71: ='相関係数'!A71 -> 45392 | F71: ='相関係数'!B71 -> 190 | G71: ='相関係数'!C71 -> 32 | T71: =A425 -> 44865 | U71: =D425 -> 123 | V71: =B425 -> 173 | W71: =C425 -> 50
A72: =E72 -> 45391 | B72: =F72*$I$1 -> 178 | C72: =G72*$J$1 -> 36 | D72: =B72-C72 -> 142 | E72: ='相関係数'!A72 -> 45391 | F72: ='相関係数'!B72 -> 178 | G72: ='相関係数'!C72 -> 36 | T72: =A424 -> 44866 | U72: =D424 -> 122 | V72: =B424 -> 170 | W72: =C424 -> 48
A73: =E73 -> 45390 | B73: =F73*$I$1 -> 177 | C73: =G73*$J$1 -> 19 | D73: =B73-C73 -> 158 | E73: ='相関係数'!A73 -> 45390 | F73: ='相関係数'!B73 -> 177 | G73: ='相関係数'!C73 -> 19 | T73: =A423 -> 44867 | U73: =D423 -> 123 | V73: =B423 -> 171 | W73: =C423 -> 48
A74: =E74 -> 45387 | B74: =F74*$I$1 -> 173 | C74: =G74*$J$1 -> 19 | D74: =B74-C74 -> 154 | E74: ='相関係数'!A74 -> 45387 | F74: ='相関係数'!B74 -> 173 | G74: ='相関係数'!C74 -> 19 | T74: =A422 -> 44869 | U74: =D422 -> 120 | V74: =B422 -> 168 | W74: =C422 -> 48
A75: =E75 -> 45386 | B75: =F75*$I$1 -> 189 | C75: =G75*$J$1 -> 19 | D75: =B75-C75 -> 170 | E75: ='相関係数'!A75 -> 45386 | F75: ='相関係数'!B75 -> 189 | G75: ='相関係数'!C75 -> 19 | T75: =A421 -> 44872 | U75: =D421 -> 123 | V75: =B421 -> 172 | W75: =C421 -> 49
A76: =E76 -> 45385 | B76: =F76*$I$1 -> 191 | C76: =G76*$J$1 -> 20 | D76: =B76-C76 -> 171 | E76: ='相関係数'!A76 -> 45385 | F76: ='相関係数'!B76 -> 191 | G76: ='相関係数'!C76 -> 20 | T76: =A420 -> 44873 | U76: =D420 -> 126 | V76: =B420 -> 174 | W76: =C420 -> 48
A77: =E77 -> 45384 | B77: =F77*$I$1 -> 185 | C77: =G77*$J$1 -> 20 | D77: =B77-C77 -> 165 | E77: ='相関係数'!A77 -> 45384 | F77: ='相関係数'!B77 -> 185 | G77: ='相関係数'!C77 -> 20 | T77: =A419 -> 44874 | U77: =D419 -> 129 | V77: =B419 -> 176 | W77: =C419 -> 47
A78: =E78 -> 45383 | B78: =F78*$I$1 -> 197 | C78: =G78*$J$1 -> 19 | D78: =B78-C78 -> 178 | E78: ='相関係数'!A78 -> 45383 | F78: ='相関係数'!B78 -> 197 | G78: ='相関係数'!C78 -> 19 | T78: =A418 -> 44875 | U78: =D418 -> 127 | V78: =B418 -> 174 | W78: =C418 -> 47
A79: =E79 -> 45380 | B79: =F79*$I$1 -> 194 | C79: =G79*$J$1 -> 20 | D79: =B79-C79 -> 174 | E79: ='相関係数'!A79 -> 45380 | F79: ='相関係数'!B79 -> 194 | G79: ='相関係数'!C79 -> 20 | T79: =A417 -> 44876 | U79: =D417 -> 127 | V79: =B417 -> 176 | W79: =C417 -> 49
A80: =E80 -> 45379 | B80: =F80*$I$1 -> 169 | C80: =G80*$J$1 -> 19 | D80: =B80-C80 -> 150 | E80: ='相関係数'!A80 -> 45379 | F80: ='相関係数'!B80 -> 169 | G80: ='相関係数'!C80 -> 19 | T80: =A416 -> 44879 | U80: =D416 -> 126 | V80: =B416 -> 173 | W80: =C416 -> 47
A81: =E81 -> 45378 | B81: =F81*$I$1 -> 175 | C81: =G81*$J$1 -> 20 | D81: =B81-C81 -> 155 | E81: ='相関係数'!A81 -> 45378 | F81: ='相関係数'!B81 -> 175 | G81: ='相関係数'!C81 -> 20 | T81: =A415 -> 44880 | U81: =D415 -> 125 | V81: =B415 -> 173 | W81: =C415 -> 48
A82: =E82 -> 45377 | B82: =F82*$I$1 -> 176 | C82: =G82*$J$1 -> 21 | D82: =B82-C82 -> 155 | E82: ='相関係数'!A82 -> 45377 | F82: ='相関係数'!B82 -> 176 | G82: ='相関係数'!C82 -> 21 | T82: =A414 -> 44881 | U82: =D414 -> 124 | V82: =B414 -> 171 | W82: =C414 -> 47
A83: =E83 -> 45376 | B83: =F83*$I$1 -> 182 | C83: =G83*$J$1 -> 21 | D83: =B83-C83 -> 161 | E83: ='相関係数'!A83 -> 45376 | F83: ='相関係数'!B83 -> 182 | G83: ='相関係数'!C83 -> 21 | T83: =A413 -> 44882 | U83: =D413 -> 123 | V83: =B413 -> 171 | W83: =C413 -> 48
A84: =E84 -> 45373 | B84: =F84*$I$1 -> 184 | C84: =G84*$J$1 -> 21 | D84: =B84-C84 -> 163 | E84: ='相関係数'!A84 -> 45373 | F84: ='相関係数'!B84 -> 184 | G84: ='相関係数'!C84 -> 21 | T84: =A412 -> 44883 | U84: =D412 -> 121 | V84: =B412 -> 171 | W84: =C412 -> 50
A85: =E85 -> 45372 | B85: =F85*$I$1 -> 178 | C85: =G85*$J$1 -> 21 | D85: =B85-C85 -> 157 | E85: ='相関係数'!A85 -> 45372 | F85: ='相関係数'!B85 -> 178 | G85: ='相関係数'!C85 -> 21 | T85: =A411 -> 44886 | U85: =D411 -> 122 | V85: =B411 -> 171 | W85: =C411 -> 49
A86: =E86 -> 45370 | B86: =F86*$I$1 -> 176 | C86: =G86*$J$1 -> 20 | D86: =B86-C86 -> 156 | E86: ='相関係数'!A86 -> 45370 | F86: ='相関係数'!B86 -> 176 | G86: ='相関係数'!C86 -> 20 | T86: =A410 -> 44887 | U86: =D410 -> 123 | V86: =B410 -> 170 | W86: =C410 -> 47
A87: =E87 -> 45369 | B87: =F87*$I$1 -> 179 | C87: =G87*$J$1 -> 21 | D87: =B87-C87 -> 158 | E87: ='相関係数'!A87 -> 45369 | F87: ='相関係数'!B87 -> 179 | G87: ='相関係数'!C87 -> 21 | T87: =A409 -> 44889 | U87: =D409 -> 122 | V87: =B409 -> 170 | W87: =C409 -> 48
A88: =E88 -> 45366 | B88: =F88*$I$1 -> 172 | C88: =G88*$J$1 -> 20 | D88: =B88-C88 -> 152 | E88: ='相関係数'!A88 -> 45366 | F88: ='相関係数'!B88 -> 172 | G88: ='相関係数'!C88 -> 20 | T88: =A408 -> 44890 | U88: =D408 -> 121 | V88: =B408 -> 169 | W88: =C408 -> 48
A89: =E89 -> 45365 | B89: =F89*$I$1 -> 175 | C89: =G89*$J$1 -> 19 | D89: =B89-C89 -> 156 | E89: ='相関係数'!A89 -> 45365 | F89: ='相関係数'!B89 -> 175 | G89: ='相関係数'!C89 -> 19 | T89: =A407 -> 44893 | U89: =D407 -> 119 | V89: =B407 -> 168 | W89: =C407 -> 49
A90: =E90 -> 45364 | B90: =F90*$I$1 -> 178 | C90: =G90*$J$1 -> 20 | D90: =B90-C90 -> 158 | E90: ='相関係数'!A90 -> 45364 | F90: ='相関係数'!B90 -> 178 | G90: ='相関係数'!C90 -> 20 | T90: =A406 -> 44894 | U90: =D406 -> 120 | V90: =B406 -> 168 | W90: =C406 -> 48
A91: =E91 -> 45363 | B91: =F91*$I$1 -> 192 | C91: =G91*$J$1 -> 20 | D91: =B91-C91 -> 172 | E91: ='相関係数'!A91 -> 45363 | F91: ='相関係数'!B91 -> 192 | G91: ='相関係数'!C91 -> 20 | T91: =A405 -> 44895 | U91: =D405 -> 117 | V91: =B405 -> 167 | W91: =C405 -> 50
A92: =E92 -> 45362 | B92: =F92*$I$1 -> 184 | C92: =G92*$J$1 -> 20 | D92: =B92-C92 -> 164 | E92: ='相関係数'!A92 -> 45362 | F92: ='相関係数'!B92 -> 184 | G92: ='相関係数'!C92 -> 20 | T92: =A404 -> 44896 | U92: =D404 -> 114 | V92: =B404 -> 168 | W92: =C404 -> 54
A93: =E93 -> 45359 | B93: =F93*$I$1 -> 186 | C93: =G93*$J$1 -> 19 | D93: =B93-C93 -> 167 | E93: ='相関係数'!A93 -> 45359 | F93: ='相関係数'!B93 -> 186 | G93: ='相関係数'!C93 -> 19 | T93: =A403 -> 44897 | U93: =D403 -> 115 | V93: =B403 -> 166 | W93: =C403 -> 51
A94: =E94 -> 45358 | B94: =F94*$I$1 -> 241 | C94: =G94*$J$1 -> 20 | D94: =B94-C94 -> 221 | E94: ='相関係数'!A94 -> 45358 | F94: ='相関係数'!B94 -> 241 | G94: ='相関係数'!C94 -> 20 | T94: =A402 -> 44900 | U94: =D402 -> 115 | V94: =B402 -> 164 | W94: =C402 -> 49
A95: =E95 -> 45357 | B95: =F95*$I$1 -> 191 | C95: =G95*$J$1 -> 21 | D95: =B95-C95 -> 170 | E95: ='相関係数'!A95 -> 45357 | F95: ='相関係数'!B95 -> 191 | G95: ='相関係数'!C95 -> 21 | T95: =A401 -> 44901 | U95: =D401 -> 112 | V95: =B401 -> 162 | W95: =C401 -> 50
A96: =E96 -> 45356 | B96: =F96*$I$1 -> 175 | C96: =G96*$J$1 -> 22 | D96: =B96-C96 -> 153 | E96: ='相関係数'!A96 -> 45356 | F96: ='相関係数'!B96 -> 175 | G96: ='相関係数'!C96 -> 22 | T96: =A400 -> 44902 | U96: =D400 -> 111 | V96: =B400 -> 163 | W96: =C400 -> 52
A97: =E97 -> 45355 | B97: =F97*$I$1 -> 158 | C97: =G97*$J$1 -> 21 | D97: =B97-C97 -> 137 | E97: ='相関係数'!A97 -> 45355 | F97: ='相関係数'!B97 -> 158 | G97: ='相関係数'!C97 -> 21 | T97: =A399 -> 44903 | U97: =D399 -> 108 | V97: =B399 -> 161 | W97: =C399 -> 53
A98: =E98 -> 45352 | B98: =F98*$I$1 -> 156 | C98: =G98*$J$1 -> 21 | D98: =B98-C98 -> 135 | E98: ='相関係数'!A98 -> 45352 | F98: ='相関係数'!B98 -> 156 | G98: ='相関係数'!C98 -> 21 | T98: =A398 -> 44904 | U98: =D398 -> 109 | V98: =B398 -> 161 | W98: =C398 -> 52
A99: =E99 -> 45351 | B99: =F99*$I$1 -> 157 | C99: =G99*$J$1 -> 22 | D99: =B99-C99 -> 135 | E99: ='相関係数'!A99 -> 45351 | F99: ='相関係数'!B99 -> 157 | G99: ='相関係数'!C99 -> 22 | T99: =A397 -> 44907 | U99: =D397 -> 109 | V99: =B397 -> 162 | W99: =C397 -> 53
A100: =E100 -> 45350 | B100: =F100*$I$1 -> 162 | C100: =G100*$J$1 -> 19 | D100: =B100-C100 -> 143 | E100: ='相関係数'!A100 -> 45350 | F100: ='相関係数'!B100 -> 162 | G100: ='相関係数'!C100 -> 19 | T100: =A396 -> 44908 | U100: =D396 -> 109 | V100: =B396 -> 162 | W100: =C396 -> 53
...

Sheet 短期
A1: 日付 | B1: ='長期'!B1 -> 終値 | C1: ='長期'!C1 -> 終値 | D1: ='長期'!D1 -> サヤ | S1: 日付 | T1: サヤ | U1: ='長期'!F1 -> 終値 | V1: ='長期'!G1 -> 終値
A2: ='長期'!A2 -> 45495 | B2: ='長期'!B2 -> 200 | C2: ='長期'!C2 -> 100 | D2: ='長期'!D2 -> 100 | S2: =A65 -> 45400 | T2: =D65 -> 138 | U2: =B65 -> 166 | V2: =C65 -> 28
A3: ='長期'!A3 -> 45492 | B3: ='長期'!B3 -> 196 | C3: ='長期'!C3 -> 145 | D3: ='長期'!D3 -> 51 | S3: =A64 -> 45401 | T3: =D64 -> 140 | U3: =B64 -> 170 | V3: =C64 -> 30
A4: ='長期'!A4 -> 45491 | B4: ='長期'!B4 -> 200 | C4: ='長期'!C4 -> 125 | D4: ='長期'!D4 -> 75 | N4: 短期相関係数 | O4: =IF(ISERROR(CORREL(V2:V1301,U2:U1301)),"",CORREL(V2:V1301,U2:U1301)) -> -0.094811181 | S4: =A63 -> 45404 | T4: =D63 -> 135 | U4: =B63 -> 166 | V4: =C63 -> 31
A5: ='長期'!A5 -> 45490 | B5: ='長期'!B5 -> 204 | C5: ='長期'!C5 -> 129 | D5: ='長期'!D5 -> 75 | N5: サヤ平均 | O5: =IF(ISERROR(AVERAGE(T2:T1301)),"",AVERAGE(T2:T1301)) -> 154.01562 | S5: =A62 -> 45405 | T5: =D62 -> 134 | U5: =B62 -> 168 | V5: =C62 -> 34
A6: ='長期'!A6 -> 45489 | B6: ='長期'!B6 -> 203 | C6: ='長期'!C6 -> 102 | D6: ='長期'!D6 -> 101 | N6: 標準偏差(3か月) | O6: =IF(ISERROR(STDEV(T2:T1301)),"",STDEV(T2:T1301)) -> 44.965063 | S6: =A61 -> 45406 | T6: =D61 -> 142 | U6: =B61 -> 174 | V6: =C61 -> 32
A7: ='長期'!A7 -> 45485 | B7: ='長期'!B7 -> 205 | C7: ='長期'!C7 -> 93 | D7: ='長期'!D7 -> 112 | N7: 最新標準偏差(25日) | O7: =STDEV(D2:D26) -> 22.379529 | S7: =A60 -> 45407 | T7: =D60 -> 151 | U7: =B60 -> 179 | V7: =C60 -> 28
A8: ='長期'!A8 -> 45484 | B8: ='長期'!B8 -> 203 | C8: ='長期'!C8 -> 95 | D8: ='長期'!D8 -> 108 | N8: ＋2σ | O8: =IF(ISERROR(O5+O6*2),"",O5+O6*2) -> 243.94575 | S8: =A59 -> 45408 | T8: =D59 -> 156 | U8: =B59 -> 185 | V8: =C59 -> 29
A9: ='長期'!A9 -> 45483 | B9: ='長期'!B9 -> 203 | C9: ='長期'!C9 -> 88 | D9: ='長期'!D9 -> 115 | N9: ＋1σ | O9: =IF(ISERROR(O5+O6),"",O5+O6) -> 198.98069 | S9: =A58 -> 45412 | T9: =D58 -> 177 | U9: =B58 -> 206 | V9: =C58 -> 29
A10: ='長期'!A10 -> 45482 | B10: ='長期'!B10 -> 209 | C10: ='長期'!C10 -> 87 | D10: ='長期'!D10 -> 122 | N10: −1σ | O10: =IF(ISERROR(O5-O6),"",O5-O6) -> 109.05056 | S10: =A57 -> 45413 | T10: =D57 -> 165 | U10: =B57 -> 194 | V10: =C57 -> 29
A11: ='長期'!A11 -> 45481 | B11: ='長期'!B11 -> 211 | C11: ='長期'!C11 -> 80 | D11: ='長期'!D11 -> 131 | N11: −2σ | O11: =IF(ISERROR(O5-O6*2),"",O5-O6*2) -> 64.085499 | S11: =A56 -> 45414 | T11: =D56 -> 161 | U11: =B56 -> 189 | V11: =C56 -> 28
A12: ='長期'!A12 -> 45478 | B12: ='長期'!B12 -> 212 | C12: ='長期'!C12 -> 80 | D12: ='長期'!D12 -> 132 | S12: =A55 -> 45419 | T12: =D55 -> 210 | U12: =B55 -> 239 | V12: =C55 -> 29
A13: ='長期'!A13 -> 45477 | B13: ='長期'!B13 -> 209 | C13: ='長期'!C13 -> 80 | D13: ='長期'!D13 -> 129 | S13: =A54 -> 45420 | T13: =D54 -> 246 | U13: =B54 -> 276 | V13: =C54 -> 30
A14: ='長期'!A14 -> 45476 | B14: ='長期'!B14 -> 213 | C14: ='長期'!C14 -> 85 | D14: ='長期'!D14 -> 128 | S14: =A53 -> 45421 | T14: =D53 -> 248 | U14: =B53 -> 277 | V14: =C53 -> 29
A15: ='長期'!A15 -> 45475 | B15: ='長期'!B15 -> 206 | C15: ='長期'!C15 -> 90 | D15: ='長期'!D15 -> 116 | S15: =A52 -> 45422 | T15: =D52 -> 234 | U15: =B52 -> 264 | V15: =C52 -> 30
A16: ='長期'!A16 -> 45474 | B16: ='長期'!B16 -> 206 | C16: ='長期'!C16 -> 100 | D16: ='長期'!D16 -> 106 | S16: =A51 -> 45425 | T16: =D51 -> 225 | U16: =B51 -> 255 | V16: =C51 -> 30
A17: ='長期'!A17 -> 45471 | B17: ='長期'!B17 -> 217 | C17: ='長期'!C17 -> 99 | D17: ='長期'!D17 -> 118 | S17: =A50 -> 45426 | T17: =D50 -> 226 | U17: =B50 -> 257 | V17: =C50 -> 31
A18: ='長期'!A18 -> 45470 | B18: ='長期'!B18 -> 220 | C18: ='長期'!C18 -> 103 | D18: ='長期'!D18 -> 117 | S18: =A49 -> 45427 | T18: =D49 -> 216 | U18: =B49 -> 249 | V18: =C49 -> 33
A19: ='長期'!A19 -> 45469 | B19: ='長期'!B19 -> 224 | C19: ='長期'!C19 -> 100 | D19: ='長期'!D19 -> 124 | S19: =A48 -> 45428 | T19: =D48 -> 208 | U19: =B48 -> 243 | V19: =C48 -> 35
A20: ='長期'!A20 -> 45468 | B20: ='長期'!B20 -> 230 | C20: ='長期'!C20 -> 95 | D20: ='長期'!D20 -> 135 | S20: =A47 -> 45429 | T20: =D47 -> 217 | U20: =B47 -> 252 | V20: =C47 -> 35
A21: ='長期'!A21 -> 45467 | B21: ='長期'!B21 -> 231 | C21: ='長期'!C21 -> 95 | D21: ='長期'!D21 -> 136 | S21: =A46 -> 45432 | T21: =D46 -> 233 | U21: =B46 -> 274 | V21: =C46 -> 41
A22: ='長期'!A22 -> 45464 | B22: ='長期'!B22 -> 226 | C22: ='長期'!C22 -> 87 | D22: ='長期'!D22 -> 139 | S22: =A45 -> 45433 | T22: =D45 -> 231 | U22: =B45 -> 291 | V22: =C45 -> 60
A23: ='長期'!A23 -> 45463 | B23: ='長期'!B23 -> 220 | C23: ='長期'!C23 -> 81 | D23: ='長期'!D23 -> 139 | S23: =A44 -> 45434 | T23: =D44 -> 200 | U23: =B44 -> 290 | V23: =C44 -> 90
A24: ='長期'!A24 -> 45462 | B24: ='長期'!B24 -> 222 | C24: ='長期'!C24 -> 83 | D24: ='長期'!D24 -> 139 | S24: =A43 -> 45435 | T24: =D43 -> 205 | U24: =B43 -> 281 | V24: =C43 -> 76
A25: ='長期'!A25 -> 45461 | B25: ='長期'!B25 -> 219 | C25: ='長期'!C25 -> 84 | D25: ='長期'!D25 -> 135 | S25: =A42 -> 45436 | T25: =D42 -> 202 | U25: =B42 -> 259 | V25: =C42 -> 57
A26: ='長期'!A26 -> 45460 | B26: ='長期'!B26 -> 218 | C26: ='長期'!C26 -> 89 | D26: ='長期'!D26 -> 129 | S26: =A41 -> 45439 | T26: =D41 -> 198 | U26: =B41 -> 265 | V26: =C41 -> 67
A27: ='長期'!A27 -> 45457 | B27: ='長期'!B27 -> 221 | C27: ='長期'!C27 -> 90 | D27: ='長期'!D27 -> 131 | S27: =A40 -> 45440 | T27: =D40 -> 200 | U27: =B40 -> 262 | V27: =C40 -> 62
A28: ='長期'!A28 -> 45456 | B28: ='長期'!B28 -> 230 | C28: ='長期'!C28 -> 95 | D28: ='長期'!D28 -> 135 | S28: =A39 -> 45441 | T28: =D39 -> 184 | U28: =B39 -> 240 | V28: =C39 -> 56
A29: ='長期'!A29 -> 45455 | B29: ='長期'!B29 -> 219 | C29: ='長期'!C29 -> 107 | D29: ='長期'!D29 -> 112 | S29: =A38 -> 45442 | T29: =D38 -> 174 | U29: =B38 -> 229 | V29: =C38 -> 55
A30: ='長期'!A30 -> 45454 | B30: ='長期'!B30 -> 216 | C30: ='長期'!C30 -> 89 | D30: ='長期'!D30 -> 127 | S30: =A37 -> 45443 | T30: =D37 -> 185 | U30: =B37 -> 237 | V30: =C37 -> 52
A31: ='長期'!A31 -> 45453 | B31: ='長期'!B31 -> 216 | C31: ='長期'!C31 -> 81 | D31: ='長期'!D31 -> 135 | S31: =A36 -> 45446 | T31: =D36 -> 172 | U31: =B36 -> 234 | V31: =C36 -> 62
A32: ='長期'!A32 -> 45450 | B32: ='長期'!B32 -> 226 | C32: ='長期'!C32 -> 85 | D32: ='長期'!D32 -> 141 | S32: =A35 -> 45447 | T32: =D35 -> 169 | U32: =B35 -> 235 | V32: =C35 -> 66
A33: ='長期'!A33 -> 45449 | B33: ='長期'!B33 -> 219 | C33: ='長期'!C33 -> 78 | D33: ='長期'!D33 -> 141 | S33: =A34 -> 45448 | T33: =D34 -> 141 | U33: =B34 -> 225 | V33: =C34 -> 84
A34: ='長期'!A34 -> 45448 | B34: ='長期'!B34 -> 225 | C34: ='長期'!C34 -> 84 | D34: ='長期'!D34 -> 141 | S34: =A33 -> 45449 | T34: =D33 -> 141 | U34: =B33 -> 219 | V34: =C33 -> 78
A35: ='長期'!A35 -> 45447 | B35: ='長期'!B35 -> 235 | C35: ='長期'!C35 -> 66 | D35: ='長期'!D35 -> 169 | S35: =A32 -> 45450 | T35: =D32 -> 141 | U35: =B32 -> 226 | V35: =C32 -> 85
A36: ='長期'!A36 -> 45446 | B36: ='長期'!B36 -> 234 | C36: ='長期'!C36 -> 62 | D36: ='長期'!D36 -> 172 | S36: =A31 -> 45453 | T36: =D31 -> 135 | U36: =B31 -> 216 | V36: =C31 -> 81
A37: ='長期'!A37 -> 45443 | B37: ='長期'!B37 -> 237 | C37: ='長期'!C37 -> 52 | D37: ='長期'!D37 -> 185 | S37: =A30 -> 45454 | T37: =D30 -> 127 | U37: =B30 -> 216 | V37: =C30 -> 89
A38: ='長期'!A38 -> 45442 | B38: ='長期'!B38 -> 229 | C38: ='長期'!C38 -> 55 | D38: ='長期'!D38 -> 174 | S38: =A29 -> 45455 | T38: =D29 -> 112 | U38: =B29 -> 219 | V38: =C29 -> 107
A39: ='長期'!A39 -> 45441 | B39: ='長期'!B39 -> 240 | C39: ='長期'!C39 -> 56 | D39: ='長期'!D39 -> 184 | S39: =A28 -> 45456 | T39: =D28 -> 135 | U39: =B28 -> 230 | V39: =C28 -> 95
A40: ='長期'!A40 -> 45440 | B40: ='長期'!B40 -> 262 | C40: ='長期'!C40 -> 62 | D40: ='長期'!D40 -> 200 | S40: =A27 -> 45457 | T40: =D27 -> 131 | U40: =B27 -> 221 | V40: =C27 -> 90
A41: ='長期'!A41 -> 45439 | B41: ='長期'!B41 -> 265 | C41: ='長期'!C41 -> 67 | D41: ='長期'!D41 -> 198 | S41: =A26 -> 45460 | T41: =D26 -> 129 | U41: =B26 -> 218 | V41: =C26 -> 89
A42: ='長期'!A42 -> 45436 | B42: ='長期'!B42 -> 259 | C42: ='長期'!C42 -> 57 | D42: ='長期'!D42 -> 202 | S42: =A25 -> 45461 | T42: =D25 -> 135 | U42: =B25 -> 219 | V42: =C25 -> 84
A43: ='長期'!A43 -> 45435 | B43: ='長期'!B43 -> 281 | C43: ='長期'!C43 -> 76 | D43: ='長期'!D43 -> 205 | S43: =A24 -> 45462 | T43: =D24 -> 139 | U43: =B24 -> 222 | V43: =C24 -> 83
A44: ='長期'!A44 -> 45434 | B44: ='長期'!B44 -> 290 | C44: ='長期'!C44 -> 90 | D44: ='長期'!D44 -> 200 | S44: =A23 -> 45463 | T44: =D23 -> 139 | U44: =B23 -> 220 | V44: =C23 -> 81
A45: ='長期'!A45 -> 45433 | B45: ='長期'!B45 -> 291 | C45: ='長期'!C45 -> 60 | D45: ='長期'!D45 -> 231 | S45: =A22 -> 45464 | T45: =D22 -> 139 | U45: =B22 -> 226 | V45: =C22 -> 87
A46: ='長期'!A46 -> 45432 | B46: ='長期'!B46 -> 274 | C46: ='長期'!C46 -> 41 | D46: ='長期'!D46 -> 233 | S46: =A21 -> 45467 | T46: =D21 -> 136 | U46: =B21 -> 231 | V46: =C21 -> 95
A47: ='長期'!A47 -> 45429 | B47: ='長期'!B47 -> 252 | C47: ='長期'!C47 -> 35 | D47: ='長期'!D47 -> 217 | S47: =A20 -> 45468 | T47: =D20 -> 135 | U47: =B20 -> 230 | V47: =C20 -> 95
A48: ='長期'!A48 -> 45428 | B48: ='長期'!B48 -> 243 | C48: ='長期'!C48 -> 35 | D48: ='長期'!D48 -> 208 | S48: =A19 -> 45469 | T48: =D19 -> 124 | U48: =B19 -> 224 | V48: =C19 -> 100
A49: ='長期'!A49 -> 45427 | B49: ='長期'!B49 -> 249 | C49: ='長期'!C49 -> 33 | D49: ='長期'!D49 -> 216 | S49: =A18 -> 45470 | T49: =D18 -> 117 | U49: =B18 -> 220 | V49: =C18 -> 103
A50: ='長期'!A50 -> 45426 | B50: ='長期'!B50 -> 257 | C50: ='長期'!C50 -> 31 | D50: ='長期'!D50 -> 226 | S50: =A17 -> 45471 | T50: =D17 -> 118 | U50: =B17 -> 217 | V50: =C17 -> 99
A51: ='長期'!A51 -> 45425 | B51: ='長期'!B51 -> 255 | C51: ='長期'!C51 -> 30 | D51: ='長期'!D51 -> 225 | S51: =A16 -> 45474 | T51: =D16 -> 106 | U51: =B16 -> 206 | V51: =C16 -> 100
A52: ='長期'!A52 -> 45422 | B52: ='長期'!B52 -> 264 | C52: ='長期'!C52 -> 30 | D52: ='長期'!D52 -> 234 | S52: =A15 -> 45475 | T52: =D15 -> 116 | U52: =B15 -> 206 | V52: =C15 -> 90
A53: ='長期'!A53 -> 45421 | B53: ='長期'!B53 -> 277 | C53: ='長期'!C53 -> 29 | D53: ='長期'!D53 -> 248 | S53: =A14 -> 45476 | T53: =D14 -> 128 | U53: =B14 -> 213 | V53: =C14 -> 85
A54: ='長期'!A54 -> 45420 | B54: ='長期'!B54 -> 276 | C54: ='長期'!C54 -> 30 | D54: ='長期'!D54 -> 246 | S54: =A13 -> 45477 | T54: =D13 -> 129 | U54: =B13 -> 209 | V54: =C13 -> 80
A55: ='長期'!A55 -> 45419 | B55: ='長期'!B55 -> 239 | C55: ='長期'!C55 -> 29 | D55: ='長期'!D55 -> 210 | S55: =A12 -> 45478 | T55: =D12 -> 132 | U55: =B12 -> 212 | V55: =C12 -> 80
A56: ='長期'!A56 -> 45414 | B56: ='長期'!B56 -> 189 | C56: ='長期'!C56 -> 28 | D56: ='長期'!D56 -> 161 | S56: =A11 -> 45481 | T56: =D11 -> 131 | U56: =B11 -> 211 | V56: =C11 -> 80
A57: ='長期'!A57 -> 45413 | B57: ='長期'!B57 -> 194 | C57: ='長期'!C57 -> 29 | D57: ='長期'!D57 -> 165 | S57: =A10 -> 45482 | T57: =D10 -> 122 | U57: =B10 -> 209 | V57: =C10 -> 87
A58: ='長期'!A58 -> 45412 | B58: ='長期'!B58 -> 206 | C58: ='長期'!C58 -> 29 | D58: ='長期'!D58 -> 177 | S58: =A9 -> 45483 | T58: =D9 -> 115 | U58: =B9 -> 203 | V58: =C9 -> 88
A59: ='長期'!A59 -> 45408 | B59: ='長期'!B59 -> 185 | C59: ='長期'!C59 -> 29 | D59: ='長期'!D59 -> 156 | S59: =A8 -> 45484 | T59: =D8 -> 108 | U59: =B8 -> 203 | V59: =C8 -> 95
A60: ='長期'!A60 -> 45407 | B60: ='長期'!B60 -> 179 | C60: ='長期'!C60 -> 28 | D60: ='長期'!D60 -> 151 | S60: =A7 -> 45485 | T60: =D7 -> 112 | U60: =B7 -> 205 | V60: =C7 -> 93
A61: ='長期'!A61 -> 45406 | B61: ='長期'!B61 -> 174 | C61: ='長期'!C61 -> 32 | D61: ='長期'!D61 -> 142 | S61: =A6 -> 45489 | T61: =D6 -> 101 | U61: =B6 -> 203 | V61: =C6 -> 102
A62: ='長期'!A62 -> 45405 | B62: ='長期'!B62 -> 168 | C62: ='長期'!C62 -> 34 | D62: ='長期'!D62 -> 134 | S62: =A5 -> 45490 | T62: =D5 -> 75 | U62: =B5 -> 204 | V62: =C5 -> 129
A63: ='長期'!A63 -> 45404 | B63: ='長期'!B63 -> 166 | C63: ='長期'!C63 -> 31 | D63: ='長期'!D63 -> 135 | S63: =A4 -> 45491 | T63: =D4 -> 75 | U63: =B4 -> 200 | V63: =C4 -> 125
A64: ='長期'!A64 -> 45401 | B64: ='長期'!B64 -> 170 | C64: ='長期'!C64 -> 30 | D64: ='長期'!D64 -> 140 | S64: =A3 -> 45492 | T64: =D3 -> 51 | U64: =B3 -> 196 | V64: =C3 -> 145
A65: ='長期'!A65 -> 45400 | B65: ='長期'!B65 -> 166 | C65: ='長期'!C65 -> 28 | D65: ='長期'!D65 -> 138 | S65: =A2 -> 45495 | T65: =D2 -> 100 | U65: =B2 -> 200 | V65: =C2 -> 100

Sheet ボリンジャーバンド
A1: =IF('長期'!A1="","",'長期'!A1) -> 日付 | B1: ＋２σ | C1: ＋σ | D1: サヤ | E1: −σ | F1: −2σ | H1: 最新標準偏差 | I1: =STDEV(D470:D494) -> 22.379529
A2: =IF('長期'!A494="","",'長期'!A494) -> 44762 | D2: ='長期'!D494 -> 130
A3: =IF('長期'!A493="","",'長期'!A493) -> 44763 | D3: ='長期'!D493 -> 146
A4: =IF('長期'!A492="","",'長期'!A492) -> 44764 | D4: ='長期'!D492 -> 143
A5: =IF('長期'!A491="","",'長期'!A491) -> 44767 | D5: ='長期'!D491 -> 138
A6: =IF('長期'!A490="","",'長期'!A490) -> 44768 | D6: ='長期'!D490 -> 141
A7: =IF('長期'!A489="","",'長期'!A489) -> 44769 | D7: ='長期'!D489 -> 138
A8: =IF('長期'!A488="","",'長期'!A488) -> 44770 | D8: ='長期'!D488 -> 137
A9: =IF('長期'!A487="","",'長期'!A487) -> 44771 | D9: ='長期'!D487 -> 140
A10: =IF('長期'!A486="","",'長期'!A486) -> 44774 | D10: ='長期'!D486 -> 143
A11: =IF('長期'!A485="","",'長期'!A485) -> 44775 | D11: ='長期'!D485 -> 143
A12: =IF('長期'!A484="","",'長期'!A484) -> 44776 | D12: ='長期'!D484 -> 143
A13: =IF('長期'!A483="","",'長期'!A483) -> 44777 | D13: ='長期'!D483 -> 145
A14: =IF('長期'!A482="","",'長期'!A482) -> 44778 | D14: ='長期'!D482 -> 144
A15: =IF('長期'!A481="","",'長期'!A481) -> 44781 | D15: ='長期'!D481 -> 131
A16: =IF('長期'!A480="","",'長期'!A480) -> 44782 | D16: ='長期'!D480 -> 129
A17: =IF('長期'!A479="","",'長期'!A479) -> 44783 | D17: ='長期'!D479 -> 128
A18: =IF('長期'!A478="","",'長期'!A478) -> 44785 | D18: ='長期'!D478 -> 128
A19: =IF('長期'!A477="","",'長期'!A477) -> 44788 | D19: ='長期'!D477 -> 130
A20: =IF('長期'!A476="","",'長期'!A476) -> 44789 | D20: ='長期'!D476 -> 131
A21: =IF('長期'!A475="","",'長期'!A475) -> 44790 | D21: ='長期'!D475 -> 132
A22: =IF('長期'!A474="","",'長期'!A474) -> 44791 | D22: ='長期'!D474 -> 128
A23: =IF('長期'!A473="","",'長期'!A473) -> 44792 | D23: ='長期'!D473 -> 130
A24: =IF('長期'!A472="","",'長期'!A472) -> 44795 | D24: ='長期'!D472 -> 135
A25: =IF('長期'!A471="","",'長期'!A471) -> 44796 | B25: =AVERAGE(D2:D25)+STDEV(D2:D25)*2 -> 148.86464 | C25: =AVERAGE(D2:D25)+STDEV(D2:D25) -> 142.57815 | D25: ='長期'!D471 -> 138 | E25: =AVERAGE(D2:D25)-STDEV(D2:D25) -> 130.00518 | F25: =AVERAGE(D2:D25)-STDEV(D2:D25)*2 -> 123.71869
A26: =IF('長期'!A470="","",'長期'!A470) -> 44797 | B26: =AVERAGE(D2:D26)+STDEV(D2:D26)*2 -> 148.68721 | C26: =AVERAGE(D2:D26)+STDEV(D2:D26) -> 142.5236 | D26: ='長期'!D470 -> 138 | E26: =AVERAGE(D2:D26)-STDEV(D2:D26) -> 130.1964 | F26: =AVERAGE(D2:D26)-STDEV(D2:D26)*2 -> 124.03279
A27: =IF('長期'!A469="","",'長期'!A469) -> 44798 | B27: =AVERAGE(D3:D27)+STDEV(D3:D27)*2 -> 148.87445 | C27: =AVERAGE(D3:D27)+STDEV(D3:D27) -> 142.81723 | D27: ='長期'!D469 -> 140 | E27: =AVERAGE(D3:D27)-STDEV(D3:D27) -> 130.70277 | F27: =AVERAGE(D3:D27)-STDEV(D3:D27)*2 -> 124.64555
A28: =IF('長期'!A468="","",'長期'!A468) -> 44799 | B28: =AVERAGE(D4:D28)+STDEV(D4:D28)*2 -> 148.09756 | C28: =AVERAGE(D4:D28)+STDEV(D4:D28) -> 142.30878 | D28: ='長期'!D468 -> 140 | E28: =AVERAGE(D4:D28)-STDEV(D4:D28) -> 130.73122 | F28: =AVERAGE(D4:D28)-STDEV(D4:D28)*2 -> 124.94244
A29: =IF('長期'!A467="","",'長期'!A467) -> 44802 | B29: =AVERAGE(D5:D29)+STDEV(D5:D29)*2 -> 147.85753 | C29: =AVERAGE(D5:D29)+STDEV(D5:D29) -> 142.14877 | D29: ='長期'!D467 -> 141 | E29: =AVERAGE(D5:D29)-STDEV(D5:D29) -> 130.73123 | F29: =AVERAGE(D5:D29)-STDEV(D5:D29)*2 -> 125.02247
A30: =IF('長期'!A466="","",'長期'!A466) -> 44803 | B30: =AVERAGE(D6:D30)+STDEV(D6:D30)*2 -> 147.92727 | C30: =AVERAGE(D6:D30)+STDEV(D6:D30) -> 142.20364 | D30: ='長期'!D466 -> 139 | E30: =AVERAGE(D6:D30)-STDEV(D6:D30) -> 130.75636 | F30: =AVERAGE(D6:D30)-STDEV(D6:D30)*2 -> 125.03273
A31: =IF('長期'!A465="","",'長期'!A465) -> 44804 | B31: =AVERAGE(D7:D31)+STDEV(D7:D31)*2 -> 148.03984 | C31: =AVERAGE(D7:D31)+STDEV(D7:D31) -> 142.27992 | D31: ='長期'!D465 -> 142 | E31: =AVERAGE(D7:D31)-STDEV(D7:D31) -> 130.76008 | F31: =AVERAGE(D7:D31)-STDEV(D7:D31)*2 -> 125.00016
A32: =IF('長期'!A464="","",'長期'!A464) -> 44805 | B32: =AVERAGE(D8:D32)+STDEV(D8:D32)*2 -> 148.10816 | C32: =AVERAGE(D8:D32)+STDEV(D8:D32) -> 142.33408 | D32: ='長期'!D464 -> 139 | E32: =AVERAGE(D8:D32)-STDEV(D8:D32) -> 130.78592 | F32: =AVERAGE(D8:D32)-STDEV(D8:D32)*2 -> 125.01184
A33: =IF('長期'!A463="","",'長期'!A463) -> 44806 | B33: =AVERAGE(D9:D33)+STDEV(D9:D33)*2 -> 148.04316 | C33: =AVERAGE(D9:D33)+STDEV(D9:D33) -> 142.26158 | D33: ='長期'!D463 -> 135 | E33: =AVERAGE(D9:D33)-STDEV(D9:D33) -> 130.69842 | F33: =AVERAGE(D9:D33)-STDEV(D9:D33)*2 -> 124.91684
A34: =IF('長期'!A462="","",'長期'!A462) -> 44809 | B34: =AVERAGE(D10:D34)+STDEV(D10:D34)*2 -> 147.79054 | C34: =AVERAGE(D10:D34)+STDEV(D10:D34) -> 142.05527 | D34: ='長期'!D462 -> 136 | E34: =AVERAGE(D10:D34)-STDEV(D10:D34) -> 130.58473 | F34: =AVERAGE(D10:D34)-STDEV(D10:D34)*2 -> 124.84946
A35: =IF('長期'!A461="","",'長期'!A461) -> 44810 | B35: =AVERAGE(D11:D35)+STDEV(D11:D35)*2 -> 147.16774 | C35: =AVERAGE(D11:D35)+STDEV(D11:D35) -> 141.60387 | D35: ='長期'!D461 -> 136 | E35: =AVERAGE(D11:D35)-STDEV(D11:D35) -> 130.47613 | F35: =AVERAGE(D11:D35)-STDEV(D11:D35)*2 -> 124.91226
A36: =IF('長期'!A460="","",'長期'!A460) -> 44811 | B36: =AVERAGE(D12:D36)+STDEV(D12:D36)*2 -> 146.4674 | C36: =AVERAGE(D12:D36)+STDEV(D12:D36) -> 141.0937 | D36: ='長期'!D460 -> 135 | E36: =AVERAGE(D12:D36)-STDEV(D12:D36) -> 130.3463 | F36: =AVERAGE(D12:D36)-STDEV(D12:D36)*2 -> 124.9726
A37: =IF('長期'!A459="","",'長期'!A459) -> 44812 | B37: =AVERAGE(D13:D37)+STDEV(D13:D37)*2 -> 145.7531 | C37: =AVERAGE(D13:D37)+STDEV(D13:D37) -> 140.59655 | D37: ='長期'!D459 -> 136 | E37: =AVERAGE(D13:D37)-STDEV(D13:D37) -> 130.28345 | F37: =AVERAGE(D13:D37)-STDEV(D13:D37)*2 -> 125.1269
A38: =IF('長期'!A458="","",'長期'!A458) -> 44813 | B38: =AVERAGE(D14:D38)+STDEV(D14:D38)*2 -> 144.8571 | C38: =AVERAGE(D14:D38)+STDEV(D14:D38) -> 139.76855 | D38: ='長期'!D458 -> 126 | E38: =AVERAGE(D14:D38)-STDEV(D14:D38) -> 129.59145 | F38: =AVERAGE(D14:D38)-STDEV(D14:D38)*2 -> 124.5029
A39: =IF('長期'!A457="","",'長期'!A457) -> 44816 | B39: =AVERAGE(D15:D39)+STDEV(D15:D39)*2 -> 143.68243 | C39: =AVERAGE(D15:D39)+STDEV(D15:D39) -> 138.90121 | D39: ='長期'!D457 -> 130 | E39: =AVERAGE(D15:D39)-STDEV(D15:D39) -> 129.33879 | F39: =AVERAGE(D15:D39)-STDEV(D15:D39)*2 -> 124.55757
A40: =IF('長期'!A456="","",'長期'!A456) -> 44817 | B40: =AVERAGE(D16:D40)+STDEV(D16:D40)*2 -> 143.70497 | C40: =AVERAGE(D16:D40)+STDEV(D16:D40) -> 138.89248 | D40: ='長期'!D456 -> 130 | E40: =AVERAGE(D16:D40)-STDEV(D16:D40) -> 129.26752 | F40: =AVERAGE(D16:D40)-STDEV(D16:D40)*2 -> 124.45503
A41: =IF('長期'!A455="","",'長期'!A455) -> 44818 | B41: =AVERAGE(D17:D41)+STDEV(D17:D41)*2 -> 143.83192 | C41: =AVERAGE(D17:D41)+STDEV(D17:D41) -> 138.91596 | D41: ='長期'!D455 -> 127 | E41: =AVERAGE(D17:D41)-STDEV(D17:D41) -> 129.08404 | F41: =AVERAGE(D17:D41)-STDEV(D17:D41)*2 -> 124.16808
A42: =IF('長期'!A454="","",'長期'!A454) -> 44819 | B42: =AVERAGE(D18:D42)+STDEV(D18:D42)*2 -> 145.71547 | C42: =AVERAGE(D18:D42)+STDEV(D18:D42) -> 139.59773 | D42: ='長期'!D454 -> 115 | E42: =AVERAGE(D18:D42)-STDEV(D18:D42) -> 127.36227 | F42: =AVERAGE(D18:D42)-STDEV(D18:D42)*2 -> 121.24453
A43: =IF('長期'!A453="","",'長期'!A453) -> 44820 | B43: =AVERAGE(D19:D43)+STDEV(D19:D43)*2 -> 146.79354 | C43: =AVERAGE(D19:D43)+STDEV(D19:D43) -> 139.91677 | D43: ='長期'!D453 -> 117 | E43: =AVERAGE(D19:D43)-STDEV(D19:D43) -> 126.16323 | F43: =AVERAGE(D19:D43)-STDEV(D19:D43)*2 -> 119.28646
A44: =IF('長期'!A452="","",'長期'!A452) -> 44824 | B44: =AVERAGE(D20:D44)+STDEV(D20:D44)*2 -> 147.42116 | C44: =AVERAGE(D20:D44)+STDEV(D20:D44) -> 140.01058 | D44: ='長期'!D452 -> 119 | E44: =AVERAGE(D20:D44)-STDEV(D20:D44) -> 125.18942 | F44: =AVERAGE(D20:D44)-STDEV(D20:D44)*2 -> 117.77884
A45: =IF('長期'!A451="","",'長期'!A451) -> 44825 | B45: =AVERAGE(D21:D45)+STDEV(D21:D45)*2 -> 148.50232 | C45: =AVERAGE(D21:D45)+STDEV(D21:D45) -> 140.21116 | D45: ='長期'!D451 -> 114 | E45: =AVERAGE(D21:D45)-STDEV(D21:D45) -> 123.62884 | F45: =AVERAGE(D21:D45)-STDEV(D21:D45)*2 -> 115.33768
A46: =IF('長期'!A450="","",'長期'!A450) -> 44826 | B46: =AVERAGE(D22:D46)+STDEV(D22:D46)*2 -> 148.85171 | C46: =AVERAGE(D22:D46)+STDEV(D22:D46) -> 140.10586 | D46: ='長期'!D450 -> 118 | E46: =AVERAGE(D22:D46)-STDEV(D22:D46) -> 122.61414 | F46: =AVERAGE(D22:D46)-STDEV(D22:D46)*2 -> 113.86829
A47: =IF('長期'!A449="","",'長期'!A449) -> 44830 | B47: =AVERAGE(D23:D47)+STDEV(D23:D47)*2 -> 149.48296 | C47: =AVERAGE(D23:D47)+STDEV(D23:D47) -> 140.16148 | D47: ='長期'!D449 -> 115 | E47: =AVERAGE(D23:D47)-STDEV(D23:D47) -> 121.51852 | F47: =AVERAGE(D23:D47)-STDEV(D23:D47)*2 -> 112.19704
A48: =IF('長期'!A448="","",'長期'!A448) -> 44831 | B48: =AVERAGE(D24:D48)+STDEV(D24:D48)*2 -> 149.93162 | C48: =AVERAGE(D24:D48)+STDEV(D24:D48) -> 140.08581 | D48: ='長期'!D448 -> 115 | E48: =AVERAGE(D24:D48)-STDEV(D24:D48) -> 120.39419 | F48: =AVERAGE(D24:D48)-STDEV(D24:D48)*2 -> 110.54838
A49: =IF('長期'!A447="","",'長期'!A447) -> 44832 | B49: =AVERAGE(D25:D49)+STDEV(D25:D49)*2 -> 151.04364 | C49: =AVERAGE(D25:D49)+STDEV(D25:D49) -> 140.04182 | D49: ='長期'!D447 -> 105 | E49: =AVERAGE(D25:D49)-STDEV(D25:D49) -> 118.03818 | F49: =AVERAGE(D25:D49)-STDEV(D25:D49)*2 -> 107.03636
A50: =IF('長期'!A446="","",'長期'!A446) -> 44833 | B50: =AVERAGE(D26:D50)+STDEV(D26:D50)*2 -> 150.68627 | C50: =AVERAGE(D26:D50)+STDEV(D26:D50) -> 139.34313 | D50: ='長期'!D446 -> 112 | E50: =AVERAGE(D26:D50)-STDEV(D26:D50) -> 116.65687 | F50: =AVERAGE(D26:D50)-STDEV(D26:D50)*2 -> 105.31373
A51: =IF('長期'!A445="","",'長期'!A445) -> 44834 | B51: =AVERAGE(D27:D51)+STDEV(D27:D51)*2 -> 150.53169 | C51: =AVERAGE(D27:D51)+STDEV(D27:D51) -> 138.64585 | D51: ='長期'!D445 -> 107 | E51: =AVERAGE(D27:D51)-STDEV(D27:D51) -> 114.87415 | F51: =AVERAGE(D27:D51)-STDEV(D27:D51)*2 -> 102.98831
A52: =IF('長期'!A444="","",'長期'!A444) -> 44837 | B52: =AVERAGE(D28:D52)+STDEV(D28:D52)*2 -> 149.8949 | C52: =AVERAGE(D28:D52)+STDEV(D28:D52) -> 137.64745 | D52: ='長期'!D444 -> 106 | E52: =AVERAGE(D28:D52)-STDEV(D28:D52) -> 113.15255 | F52: =AVERAGE(D28:D52)-STDEV(D28:D52)*2 -> 100.9051
A53: =IF('長期'!A443="","",'長期'!A443) -> 44838 | B53: =AVERAGE(D29:D53)+STDEV(D29:D53)*2 -> 148.51173 | C53: =AVERAGE(D29:D53)+STDEV(D29:D53) -> 136.41587 | D53: ='長期'!D443 -> 113 | E53: =AVERAGE(D29:D53)-STDEV(D29:D53) -> 112.22413 | F53: =AVERAGE(D29:D53)-STDEV(D29:D53)*2 -> 100.12827
A54: =IF('長期'!A442="","",'長期'!A442) -> 44839 | B54: =AVERAGE(D30:D54)+STDEV(D30:D54)*2 -> 146.83582 | C54: =AVERAGE(D30:D54)+STDEV(D30:D54) -> 134.97791 | D54: ='長期'!D442 -> 111 | E54: =AVERAGE(D30:D54)-STDEV(D30:D54) -> 111.26209 | F54: =AVERAGE(D30:D54)-STDEV(D30:D54)*2 -> 99.404182
A55: =IF('長期'!A441="","",'長期'!A441) -> 44840 | B55: =AVERAGE(D31:D55)+STDEV(D31:D55)*2 -> 145.12015 | C55: =AVERAGE(D31:D55)+STDEV(D31:D55) -> 133.66008 | D55: ='長期'!D441 -> 116 | E55: =AVERAGE(D31:D55)-STDEV(D31:D55) -> 110.73992 | F55: =AVERAGE(D31:D55)-STDEV(D31:D55)*2 -> 99.279849
A56: =IF('長期'!A440="","",'長期'!A440) -> 44841 | B56: =AVERAGE(D32:D56)+STDEV(D32:D56)*2 -> 142.6517 | C56: =AVERAGE(D32:D56)+STDEV(D32:D56) -> 131.90585 | D56: ='長期'!D440 -> 116 | E56: =AVERAGE(D32:D56)-STDEV(D32:D56) -> 110.41415 | F56: =AVERAGE(D32:D56)-STDEV(D32:D56)*2 -> 99.668296
A57: =IF('長期'!A439="","",'長期'!A439) -> 44845 | B57: =AVERAGE(D33:D57)+STDEV(D33:D57)*2 -> 140.48253 | C57: =AVERAGE(D33:D57)+STDEV(D33:D57) -> 130.36126 | D57: ='長期'!D439 -> 116 | E57: =AVERAGE(D33:D57)-STDEV(D33:D57) -> 110.11874 | F57: =AVERAGE(D33:D57)-STDEV(D33:D57)*2 -> 99.997471
A58: =IF('長期'!A438="","",'長期'!A438) -> 44846 | B58: =AVERAGE(D34:D58)+STDEV(D34:D58)*2 -> 138.81649 | C58: =AVERAGE(D34:D58)+STDEV(D34:D58) -> 129.10824 | D58: ='長期'!D438 -> 114 | E58: =AVERAGE(D34:D58)-STDEV(D34:D58) -> 109.69176 | F58: =AVERAGE(D34:D58)-STDEV(D34:D58)*2 -> 99.983512
A59: =IF('長期'!A437="","",'長期'!A437) -> 44847 | B59: =AVERAGE(D35:D59)+STDEV(D35:D59)*2 -> 136.78012 | C59: =AVERAGE(D35:D59)+STDEV(D35:D59) -> 127.61006 | D59: ='長期'!D437 -> 112 | E59: =AVERAGE(D35:D59)-STDEV(D35:D59) -> 109.26994 | F59: =AVERAGE(D35:D59)-STDEV(D35:D59)*2 -> 100.09988
A60: =IF('長期'!A436="","",'長期'!A436) -> 44848 | B60: =AVERAGE(D36:D60)+STDEV(D36:D60)*2 -> 134.4523 | C60: =AVERAGE(D36:D60)+STDEV(D36:D60) -> 126.02615 | D60: ='長期'!D436 -> 115 | E60: =AVERAGE(D36:D60)-STDEV(D36:D60) -> 109.17385 | F60: =AVERAGE(D36:D60)-STDEV(D36:D60)*2 -> 100.7477
A61: =IF('長期'!A435="","",'長期'!A435) -> 44851 | B61: =AVERAGE(D37:D61)+STDEV(D37:D61)*2 -> 132.13972 | C61: =AVERAGE(D37:D61)+STDEV(D37:D61) -> 124.52986 | D61: ='長期'!D435 -> 118 | E61: =AVERAGE(D37:D61)-STDEV(D37:D61) -> 109.31014 | F61: =AVERAGE(D37:D61)-STDEV(D37:D61)*2 -> 101.70028
A62: =IF('長期'!A434="","",'長期'!A434) -> 44852 | B62: =AVERAGE(D38:D62)+STDEV(D38:D62)*2 -> 129.35058 | C62: =AVERAGE(D38:D62)+STDEV(D38:D62) -> 122.81529 | D62: ='長期'!D434 -> 120 | E62: =AVERAGE(D38:D62)-STDEV(D38:D62) -> 109.74471 | F62: =AVERAGE(D38:D62)-STDEV(D38:D62)*2 -> 103.20942
A63: =IF('長期'!A433="","",'長期'!A433) -> 44853 | B63: =AVERAGE(D39:D63)+STDEV(D39:D63)*2 -> 128.49 | C63: =AVERAGE(D39:D63)+STDEV(D39:D63) -> 122.245 | D63: ='長期'!D433 -> 119 | E63: =AVERAGE(D39:D63)-STDEV(D39:D63) -> 109.755 | F63: =AVERAGE(D39:D63)-STDEV(D39:D63)*2 -> 103.51
A64: =IF('長期'!A432="","",'長期'!A432) -> 44854 | B64: =AVERAGE(D40:D64)+STDEV(D40:D64)*2 -> 126.61234 | C64: =AVERAGE(D40:D64)+STDEV(D40:D64) -> 121.06617 | D64: ='長期'!D432 -> 118 | E64: =AVERAGE(D40:D64)-STDEV(D40:D64) -> 109.97383 | F64: =AVERAGE(D40:D64)-STDEV(D40:D64)*2 -> 104.42766
A65: =IF('長期'!A431="","",'長期'!A431) -> 44855 | B65: =AVERAGE(D41:D65)+STDEV(D41:D65)*2 -> 124.34523 | C65: =AVERAGE(D41:D65)+STDEV(D41:D65) -> 119.67262 | D65: ='長期'!D431 -> 117 | E65: =AVERAGE(D41:D65)-STDEV(D41:D65) -> 110.32738 | F65: =AVERAGE(D41:D65)-STDEV(D41:D65)*2 -> 105.65477
A66: =IF('長期'!A430="","",'長期'!A430) -> 44858 | B66: =AVERAGE(D42:D66)+STDEV(D42:D66)*2 -> 122.65831 | C66: =AVERAGE(D42:D66)+STDEV(D42:D66) -> 118.64916 | D66: ='長期'!D430 -> 118 | E66: =AVERAGE(D42:D66)-STDEV(D42:D66) -> 110.63084 | F66: =AVERAGE(D42:D66)-STDEV(D42:D66)*2 -> 106.62169
A67: =IF('長期'!A429="","",'長期'!A429) -> 44859 | B67: =AVERAGE(D43:D67)+STDEV(D43:D67)*2 -> 123.1402 | C67: =AVERAGE(D43:D67)+STDEV(D43:D67) -> 118.9901 | D67: ='長期'!D429 -> 120 | E67: =AVERAGE(D43:D67)-STDEV(D43:D67) -> 110.6899 | F67: =AVERAGE(D43:D67)-STDEV(D43:D67)*2 -> 106.5398
A68: =IF('長期'!A428="","",'長期'!A428) -> 44860 | B68: =AVERAGE(D44:D68)+STDEV(D44:D68)*2 -> 124.16286 | C68: =AVERAGE(D44:D68)+STDEV(D44:D68) -> 119.64143 | D68: ='長期'!D428 -> 124 | E68: =AVERAGE(D44:D68)-STDEV(D44:D68) -> 110.59857 | F68: =AVERAGE(D44:D68)-STDEV(D44:D68)*2 -> 106.07714
A69: =IF('長期'!A427="","",'長期'!A427) -> 44861 | B69: =AVERAGE(D45:D69)+STDEV(D45:D69)*2 -> 124.92417 | C69: =AVERAGE(D45:D69)+STDEV(D45:D69) -> 120.12208 | D69: ='長期'!D427 -> 124 | E69: =AVERAGE(D45:D69)-STDEV(D45:D69) -> 110.51792 | F69: =AVERAGE(D45:D69)-STDEV(D45:D69)*2 -> 105.71583
A70: =IF('長期'!A426="","",'長期'!A426) -> 44862 | B70: =AVERAGE(D46:D70)+STDEV(D46:D70)*2 -> 125.91019 | C70: =AVERAGE(D46:D70)+STDEV(D46:D70) -> 120.8151 | D70: ='長期'!D426 -> 124 | E70: =AVERAGE(D46:D70)-STDEV(D46:D70) -> 110.6249 | F70: =AVERAGE(D46:D70)-STDEV(D46:D70)*2 -> 105.52981
A71: =IF('長期'!A425="","",'長期'!A425) -> 44865 | B71: =AVERAGE(D47:D71)+STDEV(D47:D71)*2 -> 126.48598 | C71: =AVERAGE(D47:D71)+STDEV(D47:D71) -> 121.20299 | D71: ='長期'!D425 -> 123 | E71: =AVERAGE(D47:D71)-STDEV(D47:D71) -> 110.63701 | F71: =AVERAGE(D47:D71)-STDEV(D47:D71)*2 -> 105.35402
A72: =IF('長期'!A424="","",'長期'!A424) -> 44866 | B72: =AVERAGE(D48:D72)+STDEV(D48:D72)*2 -> 127.03205 | C72: =AVERAGE(D48:D72)+STDEV(D48:D72) -> 121.61603 | D72: ='長期'!D424 -> 122 | E72: =AVERAGE(D48:D72)-STDEV(D48:D72) -> 110.78397 | F72: =AVERAGE(D48:D72)-STDEV(D48:D72)*2 -> 105.36795
A73: =IF('長期'!A423="","",'長期'!A423) -> 44867 | B73: =AVERAGE(D49:D73)+STDEV(D49:D73)*2 -> 127.67228 | C73: =AVERAGE(D49:D73)+STDEV(D49:D73) -> 122.09614 | D73: ='長期'!D423 -> 123 | E73: =AVERAGE(D49:D73)-STDEV(D49:D73) -> 110.94386 | F73: =AVERAGE(D49:D73)-STDEV(D49:D73)*2 -> 105.36772
A74: =IF('長期'!A422="","",'長期'!A422) -> 44869 | B74: =AVERAGE(D50:D74)+STDEV(D50:D74)*2 -> 127.25772 | C74: =AVERAGE(D50:D74)+STDEV(D50:D74) -> 122.18886 | D74: ='長期'!D422 -> 120 | E74: =AVERAGE(D50:D74)-STDEV(D50:D74) -> 112.05114 | F74: =AVERAGE(D50:D74)-STDEV(D50:D74)*2 -> 106.98228
A75: =IF('長期'!A421="","",'長期'!A421) -> 44872 | B75: =AVERAGE(D51:D75)+STDEV(D51:D75)*2 -> 127.72661 | C75: =AVERAGE(D51:D75)+STDEV(D51:D75) -> 122.64331 | D75: ='長期'!D421 -> 123 | E75: =AVERAGE(D51:D75)-STDEV(D51:D75) -> 112.47669 | F75: =AVERAGE(D51:D75)-STDEV(D51:D75)*2 -> 107.39339
A76: =IF('長期'!A420="","",'長期'!A420) -> 44873 | B76: =AVERAGE(D52:D76)+STDEV(D52:D76)*2 -> 128.02773 | C76: =AVERAGE(D52:D76)+STDEV(D52:D76) -> 123.17386 | D76: ='長期'!D420 -> 126 | E76: =AVERAGE(D52:D76)-STDEV(D52:D76) -> 113.46614 | F76: =AVERAGE(D52:D76)-STDEV(D52:D76)*2 -> 108.61227
A77: =IF('長期'!A419="","",'長期'!A419) -> 44874 | B77: =AVERAGE(D53:D77)+STDEV(D53:D77)*2 -> 128.4284 | C77: =AVERAGE(D53:D77)+STDEV(D53:D77) -> 123.8342 | D77: ='長期'!D419 -> 129 | E77: =AVERAGE(D53:D77)-STDEV(D53:D77) -> 114.6458 | F77: =AVERAGE(D53:D77)-STDEV(D53:D77)*2 -> 110.0516
A78: =IF('長期'!A418="","",'長期'!A418) -> 44875 | B78: =AVERAGE(D54:D78)+STDEV(D54:D78)*2 -> 129.10949 | C78: =AVERAGE(D54:D78)+STDEV(D54:D78) -> 124.45475 | D78: ='長期'!D418 -> 127 | E78: =AVERAGE(D54:D78)-STDEV(D54:D78) -> 115.14525 | F78: =AVERAGE(D54:D78)-STDEV(D54:D78)*2 -> 110.49051
A79: =IF('長期'!A417="","",'長期'!A417) -> 44876 | B79: =AVERAGE(D55:D79)+STDEV(D55:D79)*2 -> 129.42295 | C79: =AVERAGE(D55:D79)+STDEV(D55:D79) -> 124.93147 | D79: ='長期'!D417 -> 127 | E79: =AVERAGE(D55:D79)-STDEV(D55:D79) -> 115.94853 | F79: =AVERAGE(D55:D79)-STDEV(D55:D79)*2 -> 111.45705
A80: =IF('長期'!A416="","",'長期'!A416) -> 44879 | B80: =AVERAGE(D56:D80)+STDEV(D56:D80)*2 -> 129.88949 | C80: =AVERAGE(D56:D80)+STDEV(D56:D80) -> 125.36475 | D80: ='長期'!D416 -> 126 | E80: =AVERAGE(D56:D80)-STDEV(D56:D80) -> 116.31525 | F80: =AVERAGE(D56:D80)-STDEV(D56:D80)*2 -> 111.79051
A81: =IF('長期'!A415="","",'長期'!A415) -> 44880 | B81: =AVERAGE(D57:D81)+STDEV(D57:D81)*2 -> 130.16289 | C81: =AVERAGE(D57:D81)+STDEV(D57:D81) -> 125.68144 | D81: ='長期'!D415 -> 125 | E81: =AVERAGE(D57:D81)-STDEV(D57:D81) -> 116.71856 | F81: =AVERAGE(D57:D81)-STDEV(D57:D81)*2 -> 112.23711
A82: =IF('長期'!A414="","",'長期'!A414) -> 44881 | B82: =AVERAGE(D58:D82)+STDEV(D58:D82)*2 -> 130.27823 | C82: =AVERAGE(D58:D82)+STDEV(D58:D82) -> 125.89912 | D82: ='長期'!D414 -> 124 | E82: =AVERAGE(D58:D82)-STDEV(D58:D82) -> 117.14088 | F82: =AVERAGE(D58:D82)-STDEV(D58:D82)*2 -> 112.76177
A83: =IF('長期'!A413="","",'長期'!A413) -> 44882 | B83: =AVERAGE(D59:D83)+STDEV(D59:D83)*2 -> 130.07187 | C83: =AVERAGE(D59:D83)+STDEV(D59:D83) -> 125.97593 | D83: ='長期'!D413 -> 123 | E83: =AVERAGE(D59:D83)-STDEV(D59:D83) -> 117.78407 | F83: =AVERAGE(D59:D83)-STDEV(D59:D83)*2 -> 113.68813
A84: =IF('長期'!A412="","",'長期'!A412) -> 44883 | B84: =AVERAGE(D60:D84)+STDEV(D60:D84)*2 -> 129.34117 | C84: =AVERAGE(D60:D84)+STDEV(D60:D84) -> 125.79059 | D84: ='長期'!D412 -> 121 | E84: =AVERAGE(D60:D84)-STDEV(D60:D84) -> 118.68941 | F84: =AVERAGE(D60:D84)-STDEV(D60:D84)*2 -> 115.13883
A85: =IF('長期'!A411="","",'長期'!A411) -> 44886 | B85: =AVERAGE(D61:D85)+STDEV(D61:D85)*2 -> 128.95221 | C85: =AVERAGE(D61:D85)+STDEV(D61:D85) -> 125.73611 | D85: ='長期'!D411 -> 122 | E85: =AVERAGE(D61:D85)-STDEV(D61:D85) -> 119.30389 | F85: =AVERAGE(D61:D85)-STDEV(D61:D85)*2 -> 116.08779
A86: =IF('長期'!A410="","",'長期'!A410) -> 44887 | B86: =AVERAGE(D62:D86)+STDEV(D62:D86)*2 -> 128.87142 | C86: =AVERAGE(D62:D86)+STDEV(D62:D86) -> 125.79571 | D86: ='長期'!D410 -> 123 | E86: =AVERAGE(D62:D86)-STDEV(D62:D86) -> 119.64429 | F86: =AVERAGE(D62:D86)-STDEV(D62:D86)*2 -> 116.56858
A87: =IF('長期'!A409="","",'長期'!A409) -> 44889 | B87: =AVERAGE(D63:D87)+STDEV(D63:D87)*2 -> 128.8553 | C87: =AVERAGE(D63:D87)+STDEV(D63:D87) -> 125.82765 | D87: ='長期'!D409 -> 122 | E87: =AVERAGE(D63:D87)-STDEV(D63:D87) -> 119.77235 | F87: =AVERAGE(D63:D87)-STDEV(D63:D87)*2 -> 116.7447
A88: =IF('長期'!A408="","",'長期'!A408) -> 44890 | B88: =AVERAGE(D64:D88)+STDEV(D64:D88)*2 -> 128.77689 | C88: =AVERAGE(D64:D88)+STDEV(D64:D88) -> 125.82845 | D88: ='長期'!D408 -> 121 | E88: =AVERAGE(D64:D88)-STDEV(D64:D88) -> 119.93155 | F88: =AVERAGE(D64:D88)-STDEV(D64:D88)*2 -> 116.98311
A89: =IF('長期'!A407="","",'長期'!A407) -> 44893 | B89: =AVERAGE(D65:D89)+STDEV(D65:D89)*2 -> 128.69119 | C89: =AVERAGE(D65:D89)+STDEV(D65:D89) -> 125.8056 | D89: ='長期'!D407 -> 119 | E89: =AVERAGE(D65:D89)-STDEV(D65:D89) -> 120.0344 | F89: =AVERAGE(D65:D89)-STDEV(D65:D89)*2 -> 117.14881
A90: =IF('長期'!A406="","",'長期'!A406) -> 44894 | B90: =AVERAGE(D66:D90)+STDEV(D66:D90)*2 -> 128.40905 | C90: =AVERAGE(D66:D90)+STDEV(D66:D90) -> 125.72452 | D90: ='長期'!D406 -> 120 | E90: =AVERAGE(D66:D90)-STDEV(D66:D90) -> 120.35548 | F90: =AVERAGE(D66:D90)-STDEV(D66:D90)*2 -> 117.67095
A91: =IF('長期'!A405="","",'長期'!A405) -> 44895 | B91: =AVERAGE(D67:D91)+STDEV(D67:D91)*2 -> 128.53775 | C91: =AVERAGE(D67:D91)+STDEV(D67:D91) -> 125.76887 | D91: ='長期'!D405 -> 117 | E91: =AVERAGE(D67:D91)-STDEV(D67:D91) -> 120.23113 | F91: =AVERAGE(D67:D91)-STDEV(D67:D91)*2 -> 117.46225
A92: =IF('長期'!A404="","",'長期'!A404) -> 44896 | B92: =AVERAGE(D68:D92)+STDEV(D68:D92)*2 -> 129.27358 | C92: =AVERAGE(D68:D92)+STDEV(D68:D92) -> 126.01679 | D92: ='長期'!D404 -> 114 | E92: =AVERAGE(D68:D92)-STDEV(D68:D92) -> 119.50321 | F92: =AVERAGE(D68:D92)-STDEV(D68:D92)*2 -> 116.24642
A93: =IF('長期'!A403="","",'長期'!A403) -> 44897 | B93: =AVERAGE(D69:D93)+STDEV(D69:D93)*2 -> 129.58795 | C93: =AVERAGE(D69:D93)+STDEV(D69:D93) -> 125.99398 | D93: ='長期'!D403 -> 115 | E93: =AVERAGE(D69:D93)-STDEV(D69:D93) -> 118.80602 | F93: =AVERAGE(D69:D93)-STDEV(D69:D93)*2 -> 115.21205
A94: =IF('長期'!A402="","",'長期'!A402) -> 44900 | B94: =AVERAGE(D70:D94)+STDEV(D70:D94)*2 -> 129.77477 | C94: =AVERAGE(D70:D94)+STDEV(D70:D94) -> 125.90739 | D94: ='長期'!D402 -> 115 | E94: =AVERAGE(D70:D94)-STDEV(D70:D94) -> 118.17261 | F94: =AVERAGE(D70:D94)-STDEV(D70:D94)*2 -> 114.30523
A95: =IF('長期'!A401="","",'長期'!A401) -> 44901 | B95: =AVERAGE(D71:D95)+STDEV(D71:D95)*2 -> 130.22179 | C95: =AVERAGE(D71:D95)+STDEV(D71:D95) -> 125.8909 | D95: ='長期'!D401 -> 112 | E95: =AVERAGE(D71:D95)-STDEV(D71:D95) -> 117.2291 | F95: =AVERAGE(D71:D95)-STDEV(D71:D95)*2 -> 112.89821
A96: =IF('長期'!A400="","",'長期'!A400) -> 44902 | B96: =AVERAGE(D72:D96)+STDEV(D72:D96)*2 -> 130.68764 | C96: =AVERAGE(D72:D96)+STDEV(D72:D96) -> 125.88382 | D96: ='長期'!D400 -> 111 | E96: =AVERAGE(D72:D96)-STDEV(D72:D96) -> 116.27618 | F96: =AVERAGE(D72:D96)-STDEV(D72:D96)*2 -> 111.47236
A97: =IF('長期'!A399="","",'長期'!A399) -> 44903 | B97: =AVERAGE(D73:D97)+STDEV(D73:D97)*2 -> 131.44581 | C97: =AVERAGE(D73:D97)+STDEV(D73:D97) -> 125.98291 | D97: ='長期'!D399 -> 108 | E97: =AVERAGE(D73:D97)-STDEV(D73:D97) -> 115.05709 | F97: =AVERAGE(D73:D97)-STDEV(D73:D97)*2 -> 109.59419
A98: =IF('長期'!A398="","",'長期'!A398) -> 44904 | B98: =AVERAGE(D74:D98)+STDEV(D74:D98)*2 -> 131.75661 | C98: =AVERAGE(D74:D98)+STDEV(D74:D98) -> 125.8583 | D98: ='長期'!D398 -> 109 | E98: =AVERAGE(D74:D98)-STDEV(D74:D98) -> 114.0617 | F98: =AVERAGE(D74:D98)-STDEV(D74:D98)*2 -> 108.16339
A99: =IF('長期'!A397="","",'長期'!A397) -> 44907 | B99: =AVERAGE(D75:D99)+STDEV(D75:D99)*2 -> 132.10465 | C99: =AVERAGE(D75:D99)+STDEV(D75:D99) -> 125.81232 | D99: ='長期'!D397 -> 109 | E99: =AVERAGE(D75:D99)-STDEV(D75:D99) -> 113.22768 | F99: =AVERAGE(D75:D99)-STDEV(D75:D99)*2 -> 106.93535
A100: =IF('長期'!A396="","",'長期'!A396) -> 44908 | B100: =AVERAGE(D76:D100)+STDEV(D76:D100)*2 -> 132.13169 | C100: =AVERAGE(D76:D100)+STDEV(D76:D100) -> 125.54584 | D100: ='長期'!D396 -> 109 | E100: =AVERAGE(D76:D100)-STDEV(D76:D100) -> 112.37416 | F100: =AVERAGE(D76:D100)-STDEV(D76:D100)*2 -> 105.78831
...
